building_id,meter,timestamp,meter_reading,site_id,primary_use,square_feet,year_built,floor_count,air_temperature,cloud_coverage,dew_temperature,precip_depth_1_hr,sea_level_pressure,wind_direction,wind_speed
1166,0,2016-12-22 13:00:00,69.82,13,Office,63771,,,-6.1,0.0,-8.9,0.0,1025.0,250.0,1.5
628,0,2016-01-12 10:00:00,21.0,4,Education,40706,1958.0,3.0,10.0,,6.7,0.0,1026.0,320.0,1.5
975,1,2016-10-13 02:00:00,422.55,9,Entertainment/public assembly,426472,,,26.7,0.0,19.4,0.0,1016.0,0.0,0.0
24,0,2016-12-17 22:00:00,578.811,0,Education,105545,2001.0,,27.2,,16.1,0.0,1019.5,160.0,3.6
1296,0,2016-05-22 15:00:00,15.2306,14,Office,8836,,,16.7,,8.9,0.0,1009.5,340.0,3.6
124,0,2016-05-18 12:00:00,79.9,1,Education,38319,1900.0,6.0,12.7,,11.0,,1003.0,200.0,4.6
1250,1,2016-12-02 12:00:00,2324.32,14,Education,232139,,,3.3,0.0,-2.8,0.0,1013.5,250.0,2.6
926,0,2016-12-23 21:00:00,17.0,9,Education,26033,,,18.3,,15.0,0.0,1016.0,140.0,1.5
1176,1,2016-02-26 03:00:00,11.8286,13,Education,142672,,,-1.7,,-8.9,0.0,1026.0,300.0,5.7
609,0,2016-12-28 11:00:00,471.724,4,Education,141461,1907.0,6.0,3.9,0.0,1.1,0.0,1026.0,0.0,0.0
1122,1,2016-10-21 01:00:00,0.0,13,Office,84365,,,7.2,2.0,-1.7,0.0,1026.0,60.0,2.6
726,0,2016-12-08 21:00:00,30.9,5,Education,120566,1945.0,2.0,11.0,,11.0,,,110.0,2.1
1359,0,2016-10-30 13:00:00,53.425,15,Education,124289,1904.0,,10.6,,8.9,,1014.5,330.0,2.1
780,1,2016-11-21 22:00:00,0.0,6,Education,120836,,,7.8,0.0,-15.6,0.0,1016.0,,2.1
995,1,2016-04-25 01:00:00,43.0462,9,Education,46230,,,22.8,,18.9,0.0,1008.5,140.0,2.1
1309,0,2016-04-02 18:00:00,67.45,14,Lodging/residential,58041,,,11.1,,5.0,-1.0,997.5,,1.5
917,2,2016-08-11 15:00:00,146.4,9,Education,237702,,,28.9,2.0,23.9,0.0,1015.0,210.0,3.1
466,0,2016-11-02 02:00:00,13.9,3,Public services,22500,,,13.9,4.0,10.6,0.0,1026.0,180.0,3.1
1325,3,2016-09-06 08:00:00,197.634,15,Entertainment/public assembly,155177,1915.0,,10.6,0.0,10.0,,1020.0,0.0,0.0
1248,2,2016-05-09 01:00:00,686.035,14,Office,78002,,,15.6,0.0,-1.7,0.0,1011.0,280.0,1.5
794,0,2016-11-28 12:00:00,5344.54,7,Education,731945,1969.0,11.0,-1.1,,-4.4,,1022.0,360.0,1.5
1102,0,2016-11-24 01:00:00,51.973,13,Office,87187,,,1.7,,-1.1,0.0,1018.5,350.0,3.1
764,0,2016-03-17 23:00:00,25.1333,6,Education,58307,,,18.9,0.0,-5.0,0.0,1009.5,,3.1
758,0,2016-05-17 00:00:00,45.5667,6,Lodging/residential,47007,,,16.1,0.0,2.2,0.0,1021.5,190.0,3.6
978,1,2016-05-15 06:00:00,353.373,9,Education,258491,,,17.8,0.0,16.1,0.0,1018.0,0.0,0.0
244,1,2016-04-24 23:00:00,0.0,2,Education,95717,,,30.6,0.0,-9.4,0.0,1005.5,320.0,4.6
893,1,2016-06-21 22:00:00,137.192,9,Education,47191,,,35.6,2.0,21.7,0.0,1016.5,,2.6
1241,0,2016-06-26 10:00:00,296.609,14,Healthcare,194188,,,16.1,0.0,12.2,0.0,1023.0,0.0,0.0
813,0,2016-11-30 02:00:00,13.9167,8,Public services,5630,,1.0,22.2,,20.0,0.0,1016.5,130.0,3.6
244,3,2016-05-31 00:00:00,0.0,2,Education,95717,,,33.3,2.0,-6.7,0.0,1006.0,250.0,3.1
847,0,2016-04-10 15:00:00,16.6667,8,Entertainment/public assembly,9303,,1.0,23.3,4.0,6.1,0.0,1025.0,60.0,5.1
264,1,2016-03-28 09:00:00,165.398,2,Office,83660,1973.0,,17.8,,-3.3,0.0,1010.0,90.0,2.6
909,0,2016-01-25 22:00:00,0.0,9,Entertainment/public assembly,66121,,,22.8,0.0,8.9,0.0,1013.0,,1.5
895,1,2016-07-06 23:00:00,174.26,9,Education,55087,,,35.6,0.0,21.7,0.0,1011.5,170.0,5.1
96,0,2016-10-30 17:00:00,655.599,0,Lodging/residential,200933,2006.0,,30.0,4.0,17.8,0.0,1019.0,60.0,5.1
1303,0,2016-09-08 18:00:00,635.415,14,Healthcare,200000,,,32.8,0.0,21.1,0.0,1011.0,,2.6
1175,0,2016-11-08 01:00:00,38.695,13,Manufacturing/industrial,81372,,,15.0,,7.2,0.0,1021.0,250.0,2.6
279,1,2016-10-14 02:00:00,9.2493,2,Education,49384,1967.0,,30.6,4.0,-1.1,0.0,1011.0,0.0,0.0
1249,2,2016-11-25 21:00:00,959.616,14,Office,159384,,,11.1,,5.0,0.0,1021.5,0.0,0.0
481,0,2016-07-04 13:00:00,227.79,3,Education,104294,1976.0,,21.1,,18.9,0.0,1019.0,160.0,5.1
146,0,2016-03-16 17:00:00,21.3,1,Office,31614,1956.0,8.0,8.5,,0.0,,1029.0,60.0,6.2
1430,0,2016-05-30 15:00:00,514.3,15,Office,53303,1981.0,,24.4,0.0,16.7,,1014.5,,3.1
954,2,2016-09-20 03:00:00,948.55,9,Education,305224,,,30.0,0.0,22.2,0.0,1015.5,0.0,0.0
157,0,2016-07-29 16:00:00,164.83,2,Office,5258,,,35.6,2.0,16.7,0.0,1008.0,280.0,6.2
1241,1,2016-02-12 15:00:00,1556.31,14,Healthcare,194188,,,-6.1,0.0,-17.2,0.0,1024.0,310.0,3.1
310,0,2016-04-28 23:00:00,19.33,3,Public services,22000,,,10.0,,8.9,-1.0,,80.0,3.6
1329,1,2016-09-09 14:00:00,820.631,15,Technology/science,60100,1912.0,,23.3,,20.6,,1014.5,0.0,0.0
270,0,2016-10-21 22:00:00,17.47,2,Office,29778,,,35.6,0.0,4.4,0.0,1009.5,120.0,2.1
942,2,2016-01-06 02:00:00,149.45,9,Lodging/residential,57334,,,10.6,,3.9,0.0,1024.0,,2.6
1425,0,2016-02-02 07:00:00,195.65,15,Utility,4071,1990.0,,-3.3,,-3.9,,1022.0,0.0,0.0
483,0,2016-09-17 21:00:00,360.97,3,Education,207000,1935.0,,27.8,8.0,18.9,0.0,1019.5,180.0,3.1
966,1,2016-11-23 01:00:00,1143.43,9,Education,393530,,,21.1,,20.0,81.0,1013.5,130.0,2.1
816,0,2016-12-18 17:00:00,3.25,8,Entertainment/public assembly,356,,1.0,28.3,,21.7,0.0,1022.5,190.0,4.6
1254,0,2016-08-30 13:00:00,62.0,14,Education,24979,,,23.3,0.0,16.1,0.0,1020.5,100.0,3.1
735,0,2016-12-08 16:00:00,198.9,5,Education,155807,2013.0,2.0,12.0,,12.0,,,300.0,3.6
697,0,2016-10-05 18:00:00,8.786,5,Education,18697,1919.0,2.0,14.0,0.0,7.0,,,90.0,6.2
822,0,2016-12-12 21:00:00,0.4167,8,Entertainment/public assembly,366,,1.0,27.8,4.0,17.8,0.0,1017.5,260.0,2.1
996,2,2016-02-09 17:00:00,0.0,9,Education,77632,,,14.4,0.0,-6.7,0.0,1029.0,310.0,3.1
43,1,2016-11-20 00:00:00,0.0,0,Retail,59071,1980.0,,21.7,2.0,13.3,0.0,1018.5,280.0,3.6
1295,1,2016-04-11 09:00:00,167.72,14,Office,115676,,,5.6,,1.1,-1.0,1024.0,170.0,3.6
25,0,2016-07-27 12:00:00,637.511,0,Office,103286,1969.0,,26.7,0.0,24.4,0.0,1018.5,170.0,1.5
166,0,2016-04-09 19:00:00,500.97,2,Lodging/residential,553210,2009.0,,23.9,,7.8,0.0,1012.5,150.0,6.2
79,0,2016-04-02 23:00:00,0.0,0,Office,36240,2010.0,,24.4,,21.1,0.0,1011.0,230.0,6.2
1347,2,2016-07-13 15:00:00,661.246,15,Education,322341,1995.0,,29.4,4.0,20.6,,1015.5,210.0,4.6
747,2,2016-05-30 03:00:00,0.0,6,Education,30531,,,20.0,,15.6,0.0,1018.0,0.0,0.0
753,1,2016-10-02 17:00:00,0.0,6,Education,39558,,,22.2,4.0,16.1,0.0,1017.5,200.0,2.1
1090,0,2016-03-18 10:00:00,262.337,13,Office,305047,,,0.6,,-2.8,0.0,1018.0,300.0,2.1
705,0,2016-07-06 09:00:00,27.8,5,Education,23605,1976.0,1.0,15.0,,10.0,,,,1.5
521,0,2016-06-24 20:00:00,28.07,3,Public services,12000,,,28.9,,21.1,0.0,1014.5,20.0,5.7
770,2,2016-12-28 00:00:00,24.6248,6,Education,80325,,,14.4,0.0,2.8,0.0,1014.5,230.0,1.5
1117,2,2016-05-17 20:00:00,843.75,13,Office,111424,,,16.7,2.0,-2.2,0.0,1026.0,40.0,3.6
980,1,2016-02-25 19:00:00,2.4618,9,Entertainment/public assembly,34819,,,19.4,0.0,-0.6,0.0,1026.0,,2.6
91,0,2016-01-30 09:00:00,0.0,0,Education,68094,2003.0,,8.9,,7.2,0.0,1019.5,200.0,3.1
969,1,2016-09-19 11:00:00,883.187,9,Education,193723,,,25.0,0.0,22.8,0.0,1014.5,0.0,0.0
23,0,2016-06-05 11:00:00,723.855,0,Education,130885,1985.0,,24.4,2.0,22.8,0.0,1013.5,120.0,1.5
1249,3,2016-02-29 05:00:00,971.103,14,Office,159384,,,6.7,0.0,0.0,0.0,1007.0,140.0,1.5
1301,3,2016-05-29 15:00:00,0.71,14,Education,62242,,,27.2,0.0,17.2,0.0,1020.0,220.0,2.1
916,2,2016-04-28 08:00:00,79.3,9,Education,51778,,,18.9,0.0,14.4,0.0,1007.0,0.0,0.0
1301,1,2016-10-24 11:00:00,391.594,14,Education,62242,,,10.6,0.0,6.1,0.0,1011.5,280.0,2.1
1395,1,2016-11-26 02:00:00,0.0,15,Lodging/residential,98624,,,3.9,,3.3,-1.0,1023.0,0.0,0.0
958,2,2016-07-16 02:00:00,115.9,9,Entertainment/public assembly,234819,,,33.3,0.0,19.4,0.0,1011.5,140.0,3.6
941,0,2016-05-13 13:00:00,14.16,9,Lodging/residential,8079,,,22.2,0.0,17.8,0.0,1021.5,20.0,2.1
68,0,2016-10-03 02:00:00,187.704,0,Parking,487433,2007.0,,25.6,,22.8,0.0,1015.5,190.0,2.1
1225,0,2016-04-10 04:00:00,166.114,14,Office,122746,,,0.6,0.0,-7.2,0.0,1017.5,320.0,5.7
288,0,2016-12-29 03:00:00,14.68,2,Entertainment/public assembly,10733,2005.0,,12.2,,7.8,0.0,1021.0,230.0,1.5
691,0,2016-11-05 07:00:00,1.4,5,Office,42647,1976.0,1.0,4.0,0.0,3.0,,,290.0,2.6
345,0,2016-06-25 07:00:00,0.04,3,Lodging/residential,7250,,,22.2,,18.3,0.0,1018.5,60.0,3.1
194,1,2016-09-22 00:00:00,31.933,2,Office,155682,,,36.7,4.0,15.6,0.0,1005.0,290.0,6.2
263,0,2016-07-25 01:00:00,33.51,2,Education,87673,1960.0,,41.7,4.0,13.9,0.0,1005.5,260.0,4.6
1374,1,2016-12-20 12:00:00,10.9664,15,Office,159662,1956.0,,-11.7,0.0,-13.3,,1035.0,140.0,2.6
1271,0,2016-03-13 17:00:00,39.8878,14,Public services,20540,,,15.6,,0.6,0.0,1016.5,60.0,3.6
1094,2,2016-07-30 03:00:00,11.7187,13,Office,70852,,,21.1,4.0,12.8,0.0,1016.5,20.0,2.6
7,0,2016-05-05 22:00:00,0.0,0,Education,121074,1989.0,,26.1,2.0,5.6,0.0,1006.5,290.0,9.3
158,0,2016-02-22 02:00:00,11.47,2,Office,10135,,,25.6,2.0,-2.8,0.0,1011.0,240.0,2.6
929,2,2016-10-28 23:00:00,33.55,9,Education,199628,,,28.3,2.0,15.0,0.0,1019.0,0.0,0.0
1260,3,2016-10-01 03:00:00,0.0,14,Office,86455,,,13.9,,12.8,0.0,1022.5,50.0,4.1
813,0,2016-02-01 03:00:00,11.1667,8,Public services,5630,,1.0,17.8,,14.4,0.0,1018.5,110.0,1.5
1323,1,2016-01-07 04:00:00,0.0,14,Office,87200,,,-3.3,0.0,-12.2,0.0,1030.0,0.0,0.0
1069,0,2016-03-25 21:00:00,5.7,13,Office,20864,,,7.8,,-6.7,0.0,1012.5,160.0,7.7
248,1,2016-04-01 12:00:00,101.813,2,Education,24643,1982.0,,12.2,2.0,-3.9,0.0,1013.0,100.0,3.6
1119,2,2016-08-24 07:00:00,0.0,13,Office,119509,,,20.0,,18.9,15.0,1009.0,230.0,1.5
1160,1,2016-09-24 11:00:00,0.0,13,Office,80205,,,17.8,,15.6,0.0,1019.0,140.0,4.6
467,0,2016-07-15 16:00:00,242.53,3,Public services,47439,,,30.0,,20.0,0.0,1015.0,320.0,5.7
883,1,2016-12-01 11:00:00,421.952,9,Education,399331,,,3.9,0.0,0.6,0.0,1019.0,0.0,0.0
958,2,2016-05-29 14:00:00,115.9,9,Entertainment/public assembly,234819,,,22.8,0.0,19.4,0.0,1018.0,40.0,3.1
1178,0,2016-11-26 00:00:00,65.784,13,Education,133072,,,1.7,6.0,-1.1,0.0,1026.0,190.0,1.5
1424,2,2016-04-01 16:00:00,57.0373,15,Lodging/residential,24103,1964.0,,16.1,4.0,13.3,,999.0,,2.1
230,0,2016-04-30 00:00:00,6.38,2,Education,10334,,,27.2,6.0,2.2,0.0,1006.5,250.0,6.7
1260,0,2016-05-14 12:00:00,52.62,14,Office,86455,,,15.0,0.0,13.9,0.0,1008.5,200.0,1.5
894,1,2016-10-19 01:00:00,356.362,9,Education,101555,,,29.4,0.0,19.4,0.0,1010.5,120.0,1.5
880,1,2016-10-22 08:00:00,194.939,9,Education,157723,,,10.6,0.0,6.7,0.0,1022.0,0.0,0.0
279,0,2016-10-05 23:00:00,30.91,2,Education,49384,1967.0,,31.1,4.0,2.8,0.0,1007.0,260.0,3.6
714,0,2016-02-16 21:00:00,2.2,5,Education,8730,1976.0,1.0,6.0,,3.0,,,170.0,4.6
292,0,2016-10-30 22:00:00,36.36,3,Public services,33743,,,25.0,,13.9,0.0,1010.5,210.0,5.1
1308,0,2016-06-22 08:00:00,61.115,14,Lodging/residential,62279,,,17.2,0.0,15.6,0.0,1008.5,0.0,0.0
1044,0,2016-07-12 01:00:00,94.025,12,Education,150673,,4.0,8.6,3.0,7.4,,1012.0,270.0,4.0
599,0,2016-10-04 06:00:00,72.0,4,Education,25996,1954.0,4.0,17.8,,10.0,0.0,1016.5,0.0,0.0
662,0,2016-05-01 11:00:00,3.4,5,Entertainment/public assembly,12777,1976.0,2.0,11.0,,7.0,,,180.0,3.1
502,0,2016-01-07 19:00:00,56.28,3,Public services,6010,,,5.0,,2.2,0.0,1024.0,0.0,0.0
152,0,2016-07-03 22:00:00,7.344,1,Office,10301,1970.0,2.0,15.2,,12.1,,1020.0,210.0,3.6
209,1,2016-05-13 13:00:00,2722.67,2,Education,193294,2006.0,,22.2,0.0,0.0,0.0,1012.0,100.0,2.6
258,1,2016-08-26 22:00:00,322.003,2,Education,71224,,,36.1,,12.2,0.0,1008.0,10.0,5.7
750,0,2016-04-27 19:00:00,182.583,6,Education,35990,,,19.4,,15.0,0.0,1010.0,40.0,5.1
1145,2,2016-05-22 12:00:00,465.82,13,Manufacturing/industrial,35201,,,15.0,2.0,5.0,0.0,1019.0,0.0,0.0
962,1,2016-09-07 22:00:00,1720.44,9,Public services,492898,,,34.4,4.0,22.8,0.0,1016.0,,2.6
282,1,2016-01-26 21:00:00,0.0,2,Office,28750,,,18.9,2.0,-13.9,0.0,1022.0,20.0,3.6
606,0,2016-01-31 01:00:00,56.4875,4,Utility,23432,1999.0,2.0,13.3,,6.1,0.0,1016.5,260.0,5.1
1031,0,2016-12-02 05:00:00,196.0,11,Education,93206,,,5.0,,1.9,,1002.0,220.0,4.1
717,0,2016-04-26 02:00:00,4.1,5,Education,28826,1976.0,2.0,5.0,0.0,-1.0,,,290.0,3.1
830,0,2016-07-18 20:00:00,16.1667,8,Warehouse/storage,15120,,1.0,33.9,,22.8,0.0,1021.5,40.0,5.1
273,1,2016-01-13 17:00:00,37.1731,2,Office,140345,,,11.7,2.0,-2.8,0.0,1021.0,100.0,1.5
802,2,2016-04-08 09:00:00,3100.41,7,Education,290625,1995.0,19.0,0.9,,-0.3,,993.0,250.0,4.1
1270,0,2016-08-10 18:00:00,16.0,14,Entertainment/public assembly,18551,,,30.0,4.0,22.8,0.0,1019.5,230.0,4.1
368,0,2016-09-18 14:00:00,181.34,3,Retail,16500,,,24.4,,22.2,0.0,1019.0,170.0,4.6
1237,3,2016-02-12 04:00:00,56.132,14,Office,42755,,,-6.7,0.0,-14.4,0.0,1023.0,290.0,2.6
1259,1,2016-03-10 01:00:00,742.465,14,Education,71088,,,18.9,0.0,3.9,0.0,1016.0,220.0,3.1
277,1,2016-09-30 07:00:00,55.0387,2,Education,12761,1909.0,,27.8,0.0,13.9,0.0,1015.0,90.0,4.1
1137,1,2016-07-09 17:00:00,8.8298,13,Office,27452,,,25.0,0.0,15.0,0.0,1018.5,100.0,3.6
121,3,2016-06-24 08:00:00,205.81,1,Education,150318,1906.0,9.0,16.8,,14.1,,1018.5,250.0,4.1
912,0,2016-06-05 04:00:00,29.0,9,Education,52559,,,22.2,0.0,21.1,0.0,1012.0,0.0,0.0
946,1,2016-06-01 00:00:00,1110.02,9,Education,177216,,,21.7,0.0,20.6,-1.0,1008.5,150.0,1.5
1382,1,2016-12-23 10:00:00,78.4956,15,Public services,243072,1965.0,,-3.3,0.0,-5.6,,1027.0,0.0,0.0
553,0,2016-08-31 01:00:00,55.0,3,Education,37800,,,27.8,4.0,16.7,0.0,1017.0,140.0,2.1
1037,0,2016-01-05 22:00:00,7.13,12,Education,8805,,,5.6,7.0,4.9,,992.5,310.0,6.0
156,0,2016-07-01 07:00:00,142.28,2,Public services,43681,2007.0,,31.7,,17.2,0.0,1009.0,140.0,4.6
140,0,2016-12-29 06:00:00,17.0,1,Office,50020,,11.0,-0.9,0.0,-0.9,,1038.0,40.0,1.0
700,0,2016-04-25 13:00:00,14.9,5,Education,11464,1976.0,1.0,10.0,,6.0,,,290.0,7.2
1085,1,2016-08-19 00:00:00,88.298,13,Education,58377,,,25.0,8.0,19.4,0.0,1009.0,0.0,0.0
1093,1,2016-05-15 08:00:00,0.0,13,Office,47578,,,2.2,0.0,-4.4,0.0,1020.5,0.0,0.0
547,0,2016-07-23 13:00:00,56.97,3,Healthcare,23903,,,30.6,2.0,20.6,0.0,1014.5,320.0,5.7
1321,3,2016-07-07 10:00:00,1539.61,14,Entertainment/public assembly,370024,,,23.3,0.0,21.1,0.0,1008.0,0.0,0.0
853,0,2016-04-21 03:00:00,7.875,8,Entertainment/public assembly,26495,,1.0,20.0,,14.0,0.0,,90.0,4.1
401,0,2016-10-18 07:00:00,41.33,3,Entertainment/public assembly,12660,,,18.3,0.0,17.8,0.0,1013.5,190.0,2.6
1430,2,2016-01-25 14:00:00,572.99,15,Office,53303,1981.0,,-4.4,,-7.8,,1024.0,90.0,1.5
782,0,2016-03-25 22:00:00,477.15,6,Education,129344,,,20.6,0.0,3.9,0.0,1010.5,,2.6
1255,3,2016-05-04 19:00:00,156.177,14,Office,23702,,,10.6,,8.3,-1.0,1005.5,80.0,5.7
1303,2,2016-07-14 09:00:00,1103.96,14,Healthcare,200000,,,23.9,,22.8,0.0,1013.5,220.0,1.5
248,3,2016-03-30 08:00:00,64.4756,2,Education,24643,1982.0,,15.6,,-5.0,0.0,1008.5,280.0,5.7
1223,0,2016-08-02 17:00:00,94.4553,14,Office,52141,,,25.0,,17.2,0.0,1018.5,80.0,4.6
209,0,2016-11-21 16:00:00,1013.04,2,Education,193294,2006.0,,17.2,,13.3,0.0,1010.5,,1.5
1139,2,2016-08-18 22:00:00,1148.44,13,Office,336650,,,26.1,,19.4,-1.0,1010.5,180.0,6.7
1347,1,2016-04-01 11:00:00,210.306,15,Education,322341,1995.0,,16.1,,11.1,,999.0,180.0,3.1
1149,0,2016-09-10 04:00:00,252.699,13,Office,293990,,,17.8,,10.0,0.0,1012.0,320.0,5.1
803,0,2016-02-19 00:00:00,5059.4,7,Education,182986,1962.0,3.0,-13.2,,-18.6,,1036.0,150.0,2.1
562,0,2016-12-12 02:00:00,269.32,3,Education,235000,2013.0,,3.3,,-2.2,0.0,1025.0,150.0,2.6
801,1,2016-10-10 07:00:00,93.18,7,Education,484376,1952.0,5.0,3.7,,-0.2,,1027.0,320.0,3.6
1084,0,2016-07-08 09:00:00,364.121,13,Office,122922,,,20.0,2.0,17.2,0.0,1008.0,250.0,3.1
1101,1,2016-06-03 08:00:00,38.0681,13,Office,71936,,,17.2,,10.0,0.0,1015.0,130.0,3.6
1242,1,2016-04-19 17:00:00,167.79,14,Office,23871,,,21.7,0.0,4.4,0.0,1014.5,360.0,8.8
507,0,2016-07-18 14:00:00,123.59,3,Education,61151,,,28.9,4.0,24.4,0.0,1020.5,170.0,3.6
256,0,2016-05-16 00:00:00,7.98,2,Education,16744,,,33.9,0.0,3.3,0.0,1002.0,270.0,6.2
790,1,2016-02-05 04:00:00,100.71,7,Education,86111,1911.0,8.0,-2.2,,-9.0,,1022.0,340.0,3.6
1070,0,2016-04-23 03:00:00,91.0,13,Lodging/residential,230747,,,11.1,2.0,1.7,0.0,1021.5,100.0,2.6
188,0,2016-04-03 06:00:00,14.56,2,Office,23549,1941.0,,21.7,0.0,-3.3,0.0,1016.0,0.0,0.0
992,1,2016-10-31 06:00:00,125.622,9,Office,51483,,,18.9,0.0,15.6,0.0,1019.5,0.0,0.0
1144,0,2016-10-18 12:00:00,480.332,13,Office,152312,,,11.1,0.0,9.4,0.0,1004.5,270.0,3.6
1269,1,2016-08-08 22:00:00,839.149,14,Healthcare,56388,,,27.8,0.0,14.4,0.0,1016.5,0.0,0.0
1326,0,2016-01-15 22:00:00,107.95,15,Office,46981,1962.0,,5.6,0.0,-1.7,,1004.0,150.0,3.6
1143,1,2016-05-27 01:00:00,0.2499,13,Office,96612,,,25.6,,9.4,0.0,1010.0,240.0,1.5
1112,2,2016-11-25 12:00:00,1898.44,13,Office,190471,,,1.1,8.0,-0.6,0.0,1026.0,270.0,4.1
1008,0,2016-08-20 02:00:00,41.75,10,Education,74420,,2.0,27.2,0.0,6.7,0.0,1009.0,290.0,2.6
1109,2,2016-09-19 18:00:00,531.25,13,Office,102191,,,21.1,4.0,12.2,0.0,1014.5,250.0,1.5
1065,0,2016-07-01 12:00:00,22.1875,12,Office,12152,,,14.7,5.0,7.8,,1003.5,260.0,8.0
410,0,2016-11-10 21:00:00,31.12,3,Education,64113,1924.0,,16.7,6.0,1.1,0.0,1016.0,270.0,3.1
329,0,2016-05-23 03:00:00,0.56,3,Entertainment/public assembly,3133,,,13.9,8.0,12.8,5.0,1013.0,40.0,4.1
946,2,2016-12-10 04:00:00,244.0,9,Education,177216,,,5.0,4.0,-3.9,0.0,1034.0,0.0,0.0
876,2,2016-11-13 17:00:00,85.4,9,Education,55240,,,19.4,0.0,12.2,0.0,1024.0,130.0,2.6
1176,1,2016-07-15 10:00:00,418.499,13,Education,142672,,,16.1,,14.4,3.0,1017.0,10.0,3.6
664,0,2016-12-05 03:00:00,28.8,5,Entertainment/public assembly,49492,1976.0,2.0,3.0,,2.0,,,80.0,5.7
1331,2,2016-04-15 23:00:00,991.404,15,Education,171008,1930.0,,15.6,0.0,-2.8,,1029.0,330.0,4.1
746,0,2016-12-09 11:00:00,76.6167,6,Office,17879,,,-1.1,0.0,-12.2,0.0,1026.0,320.0,3.1
1133,0,2016-04-27 19:00:00,141.024,13,Office,82302,,,11.1,,-3.9,0.0,1010.5,70.0,14.4
701,0,2016-11-27 19:00:00,26.6,5,Education,128682,1966.0,4.0,7.0,,3.0,,,70.0,5.1
97,0,2016-08-04 06:00:00,366.023,0,Lodging/residential,187647,2007.0,,24.4,4.0,22.8,0.0,1015.5,180.0,2.6
638,0,2016-06-05 12:00:00,3.0725,4,Education,7900,1923.0,4.0,13.9,,11.1,0.0,1012.0,30.0,1.5
618,0,2016-07-01 02:00:00,86.1,4,Education,148032,1924.0,5.0,18.9,0.0,10.6,0.0,1009.5,290.0,8.2
1131,0,2016-02-04 03:00:00,22.838,13,Office,25463,,,-8.9,,-15.0,0.0,1020.0,260.0,1.5
267,0,2016-03-07 04:00:00,56.49,2,Entertainment/public assembly,72193,2013.0,,21.1,2.0,3.9,0.0,1007.5,260.0,6.2
814,0,2016-12-09 19:00:00,1.1667,8,Public services,4371,,1.0,16.1,,7.2,0.0,1025.0,10.0,6.2
639,0,2016-10-21 22:00:00,4.0,4,Education,14524,1964.0,2.0,23.9,2.0,13.9,,1012.5,310.0,4.6
103,0,2016-06-09 07:00:00,91.7361,0,Education,21657,2016.0,,23.9,,22.2,0.0,1013.5,260.0,1.5
920,0,2016-10-06 15:00:00,128.0,9,Education,85623,,,26.1,,23.3,0.0,1013.5,,1.5
46,0,2016-04-11 20:00:00,0.0,0,Retail,9045,2016.0,,26.1,,13.3,0.0,1022.0,100.0,4.6
202,0,2016-01-20 18:00:00,242.15,2,Lodging/residential,74682,2006.0,,15.6,2.0,3.3,0.0,1021.0,90.0,2.1
104,0,2016-01-24 14:00:00,0.0,0,Office,45330,2003.0,,3.3,0.0,-3.9,0.0,1022.5,330.0,5.1
912,0,2016-01-16 10:00:00,33.0,9,Education,52559,,,6.7,0.0,2.8,0.0,1008.5,0.0,0.0
773,0,2016-12-08 17:00:00,58.75,6,Lodging/residential,93313,,,7.8,0.0,-4.4,0.0,1017.0,0.0,0.0
723,0,2016-02-04 04:00:00,108.0,5,Education,160038,1966.0,4.0,9.0,,9.0,,,260.0,9.8
764,0,2016-05-05 01:00:00,44.3167,6,Education,58307,,,15.0,,11.1,-1.0,,350.0,2.6
156,0,2016-09-21 22:00:00,143.15,2,Public services,43681,2007.0,,36.1,2.0,16.1,0.0,1006.5,210.0,4.1
1303,2,2016-01-08 00:00:00,9109.1,14,Healthcare,200000,,,6.1,,-2.2,0.0,1023.5,0.0,0.0
269,0,2016-09-09 07:00:00,315.59,2,Entertainment/public assembly,809530,1958.0,,31.1,0.0,17.2,0.0,1010.5,0.0,0.0
721,0,2016-07-02 12:00:00,37.8,5,Education,121471,1966.0,3.0,16.0,,11.0,,,270.0,8.2
749,0,2016-08-17 03:00:00,30.8333,6,Lodging/residential,35936,,,26.7,0.0,22.8,0.0,1019.5,0.0,0.0
1023,0,2016-03-13 14:00:00,141.25,10,Education,87976,,2.0,6.1,,0.0,0.0,1012.5,0.0,0.0
64,0,2016-11-15 08:00:00,111.257,0,Lodging/residential,53130,2001.0,,16.1,,13.9,0.0,1015.0,360.0,3.1
14,0,2016-02-13 05:00:00,0.0,0,Education,86250,2013.0,,13.9,0.0,11.1,0.0,1022.5,240.0,2.1
228,3,2016-09-28 22:00:00,0.0,2,Lodging/residential,49108,1951.0,,34.4,,12.2,0.0,1010.5,190.0,5.1
54,0,2016-04-15 17:00:00,0.0,0,Education,7867,2011.0,,25.6,,19.4,0.0,1015.0,30.0,4.1
1217,1,2016-11-18 19:00:00,0.0,13,Education,73044,,,3.9,,2.8,15.0,997.5,330.0,9.3
1200,2,2016-11-06 02:00:00,771.155,13,Entertainment/public assembly,545351,,,14.4,0.0,6.7,0.0,1023.0,160.0,2.6
213,1,2016-11-16 14:00:00,208.901,2,Education,49662,1964.0,,15.6,,1.7,0.0,1010.5,80.0,2.1
1227,0,2016-08-18 13:00:00,59.871,14,Education,76903,,,22.2,,20.0,8.0,1016.0,30.0,2.1
214,1,2016-09-22 07:00:00,7.6316,2,Education,91273,1951.0,,28.3,4.0,19.4,0.0,1008.0,290.0,5.1
1378,0,2016-09-20 10:00:00,840.45,15,Education,214505,1990.0,,13.9,0.0,13.3,,1020.5,80.0,2.6
894,2,2016-05-19 09:00:00,152.5,9,Education,101555,,,17.2,,16.1,-1.0,1015.0,10.0,2.6
887,0,2016-03-28 07:00:00,48.0,9,Lodging/residential,69754,,,12.8,0.0,6.1,0.0,1021.0,20.0,1.5
1109,2,2016-11-17 07:00:00,1171.88,13,Office,102191,,,10.0,,5.6,0.0,1002.5,140.0,3.6
1192,2,2016-03-08 02:00:00,0.0,13,Office,43587,,,14.4,,8.3,0.0,1003.5,130.0,5.1
755,1,2016-06-16 07:00:00,104.924,6,Office,42129,,,22.8,,21.1,0.0,1007.0,270.0,1.5
1009,0,2016-06-15 00:00:00,17.5,10,Education,21892,,2.0,25.6,0.0,6.1,0.0,1003.5,320.0,4.1
447,0,2016-03-16 14:00:00,62.63,3,Public services,21472,2011.0,,16.1,4.0,11.7,0.0,1010.0,130.0,2.6
931,1,2016-10-31 22:00:00,635.811,9,Education,216050,,,28.3,0.0,16.7,0.0,1014.5,200.0,3.1
1127,0,2016-01-13 05:00:00,99.53,13,Office,87131,,,-19.4,0.0,-22.8,0.0,1022.0,220.0,1.5
1282,0,2016-11-18 01:00:00,478.0,14,Healthcare,12500,,,10.0,0.0,2.8,0.0,1017.5,350.0,3.1
1143,2,2016-04-30 01:00:00,1.9531,13,Office,96612,,,13.3,2.0,2.8,0.0,1019.5,150.0,3.6
1383,0,2016-03-31 00:00:00,95.975,15,Education,105612,1967.0,,11.7,0.0,-5.6,,1015.0,180.0,6.2
968,2,2016-03-09 16:00:00,128.1,9,Education,153999,,,15.6,,13.9,2.0,,30.0,4.6
1266,0,2016-06-05 14:00:00,3.0,14,Public services,13469,,,20.0,,18.3,-1.0,1008.0,120.0,2.6
1227,0,2016-10-07 15:00:00,0.0,14,Education,76903,,,19.4,0.0,13.3,0.0,1025.0,70.0,3.1
1254,0,2016-12-18 14:00:00,58.0,14,Education,24979,,,13.3,,11.1,-1.0,1008.5,210.0,6.2
360,0,2016-08-04 17:00:00,53.24,3,Education,69600,1949.0,,28.3,,16.7,0.0,1020.5,100.0,2.6
914,0,2016-10-02 12:00:00,348.0,9,Education,229973,,,14.4,0.0,13.3,0.0,1017.5,0.0,0.0
1246,1,2016-10-21 10:00:00,275.889,14,Office,50327,,,19.4,,17.8,0.0,1009.0,180.0,3.1
1303,0,2016-12-01 17:00:00,687.719,14,Healthcare,200000,,,10.6,,1.1,0.0,1005.0,300.0,7.2
793,3,2016-07-29 00:00:00,193.42,7,Education,150695,1964.0,6.0,24.9,,14.1,,1011.5,340.0,1.5
93,0,2016-09-11 13:00:00,155.419,0,Office,33370,1982.0,,27.2,4.0,24.4,0.0,1019.0,0.0,0.0
1232,1,2016-03-24 18:00:00,1848.58,14,Education,181328,,,12.2,0.0,6.1,0.0,1015.5,110.0,6.2
795,0,2016-06-25 11:00:00,1991.07,7,Education,387500,1960.0,6.0,18.3,,12.4,,1019.5,190.0,0.5
1080,2,2016-09-17 14:00:00,0.0,13,Education,207115,,,15.0,,13.3,0.0,1012.0,290.0,3.6
1226,1,2016-01-07 12:00:00,105.858,14,Education,27995,,,-5.0,0.0,-10.6,0.0,1027.0,0.0,0.0
1095,1,2016-04-26 19:00:00,0.0,13,Education,32256,,,8.3,,3.9,0.0,1014.5,60.0,5.7
1250,2,2016-05-14 03:00:00,0.0,14,Education,232139,,,16.1,,15.6,0.0,1009.0,0.0,0.0
1260,1,2016-09-22 02:00:00,88.0,14,Office,86455,,,21.7,0.0,15.0,0.0,1021.0,0.0,0.0
1437,2,2016-07-06 14:00:00,333.98,15,Education,111518,1968.0,,26.1,2.0,17.2,,1013.0,220.0,1.5
769,2,2016-02-04 19:00:00,50.1646,6,Education,77263,,,11.7,,1.7,0.0,1015.5,340.0,2.1
750,2,2016-07-30 10:00:00,1739.12,6,Education,35990,,,23.3,,21.1,-1.0,1013.5,0.0,0.0
2,0,2016-11-23 10:00:00,18.8387,0,Education,5376,1991.0,,13.9,,12.8,0.0,1021.5,350.0,1.5
1066,0,2016-10-02 03:00:00,30.765,12,Education,55800,,,4.1,1.0,4.1,,1016.0,270.0,4.0
1379,2,2016-12-31 01:00:00,823.559,15,Office,49553,1963.0,,-3.3,,-6.7,-1.0,1012.5,290.0,10.3
1183,0,2016-02-22 23:00:00,401.318,13,Entertainment/public assembly,166856,,,0.6,,-5.6,0.0,1020.0,210.0,4.1
110,0,2016-03-10 22:00:00,296.056,1,Education,27814,2006.0,8.0,5.2,0.0,4.6,,1026.0,50.0,1.5
1253,0,2016-07-16 16:00:00,306.922,14,Education,134748,,,30.6,0.0,18.3,0.0,1016.0,,1.5
656,0,2016-11-12 05:00:00,14.9,5,Other,5769,1976.0,1.0,11.0,,10.0,,,150.0,4.1
294,0,2016-03-10 05:00:00,16.95,3,Entertainment/public assembly,14913,,,16.1,,9.4,0.0,1018.5,180.0,5.7
1248,1,2016-02-19 03:00:00,40.248,14,Office,78002,,,-2.8,0.0,-15.0,0.0,1034.0,350.0,2.1
568,0,2016-12-04 10:00:00,2.652,4,Education,14150,1974.0,2.0,8.3,2.0,5.6,0.0,1022.0,150.0,1.5
818,0,2016-05-22 04:00:00,8.125,8,Public services,3648,,1.0,24.4,2.0,18.9,0.0,1015.0,280.0,3.6
1307,2,2016-08-20 14:00:00,1.0613,14,Lodging/residential,66013,,,26.7,0.0,21.1,0.0,1013.0,100.0,4.6
892,0,2016-12-16 04:00:00,149.0,9,Services,481999,,,11.1,,5.6,0.0,1022.5,140.0,3.6
1390,2,2016-11-25 18:00:00,424.379,15,Entertainment/public assembly,93608,1951.0,,7.8,,3.9,,1021.5,280.0,4.1
149,0,2016-04-17 07:00:00,135.055,1,Office,81881,1960.0,8.0,3.0,0.0,1.5,,1014.5,280.0,1.5
1186,0,2016-02-20 02:00:00,145.976,13,Lodging/residential,157070,,,6.1,0.0,1.1,0.0,1004.5,240.0,5.7
304,0,2016-12-26 10:00:00,0.04,3,Entertainment/public assembly,194300,1900.0,,4.4,,2.2,0.0,1037.0,40.0,2.6
1139,2,2016-07-03 22:00:00,1148.44,13,Office,336650,,,26.7,2.0,8.9,0.0,1015.0,170.0,3.6
248,1,2016-07-23 04:00:00,0.633,2,Education,24643,1982.0,,39.4,4.0,10.0,0.0,1007.0,360.0,5.7
948,2,2016-04-23 03:00:00,45.75,9,Entertainment/public assembly,20372,,,20.6,0.0,13.3,0.0,1017.5,0.0,0.0
1336,1,2016-11-16 08:00:00,0.559,15,Office,31053,1915.0,,3.9,,3.3,,1009.0,0.0,0.0
972,1,2016-07-16 17:00:00,1210.92,9,Education,282152,,,32.8,2.0,22.2,0.0,1016.0,,1.5
14,1,2016-09-30 14:00:00,6669.24,0,Education,86250,2013.0,,27.8,4.0,23.3,0.0,1017.5,220.0,3.6
644,0,2016-05-11 01:00:00,189.038,4,Entertainment/public assembly,261091,1923.0,3.0,16.7,4.0,10.6,,1014.5,290.0,7.2
106,3,2016-07-03 10:00:00,0.0,1,Education,5374,,4.0,18.9,,10.9,,1018.5,210.0,2.6
900,2,2016-01-06 08:00:00,259.25,9,Education,111623,,,8.3,,6.1,-1.0,1022.0,120.0,2.1
166,0,2016-12-08 01:00:00,361.15,2,Lodging/residential,553210,2009.0,,17.2,,5.6,0.0,1016.0,280.0,3.6
1140,1,2016-01-26 16:00:00,69.3056,13,Education,156483,,,-4.4,,-7.2,-1.0,1020.0,300.0,5.1
160,0,2016-12-25 01:00:00,12.66,2,Entertainment/public assembly,15786,,,8.9,,5.0,0.0,1008.0,170.0,1.5
903,2,2016-06-02 12:00:00,262.3,9,Education,275793,,,21.1,,20.6,53.0,1010.5,210.0,2.6
32,0,2016-06-08 00:00:00,200.673,0,Office,48392,2005.0,,28.3,6.0,24.4,0.0,1009.0,350.0,3.1
1162,1,2016-01-08 07:00:00,10.6624,13,Office,72958,,,0.6,,-0.6,5.0,1011.5,360.0,1.5
917,1,2016-09-13 01:00:00,440.837,9,Education,237702,,,29.4,0.0,21.1,0.0,1011.5,120.0,2.1
362,0,2016-02-10 10:00:00,8.18,3,Public services,21368,,,-1.1,,-6.1,0.0,1007.0,270.0,4.1
1401,0,2016-12-13 17:00:00,98.4,15,Lodging/residential,168791,1946.0,,0.6,0.0,-6.7,,1019.0,230.0,6.2
395,0,2016-04-17 12:00:00,12.3,3,Public services,8925,1912.0,,10.0,0.0,3.3,0.0,1032.0,40.0,2.1
1028,3,2016-12-21 10:00:00,170.786,11,Education,81390,,,-2.1,,-6.8,,1012.5,220.0,5.7
136,0,2016-02-24 17:00:00,46.5058,1,Lodging/residential,56467,1960.0,9.0,6.5,,-3.9,,1015.5,360.0,2.6
785,0,2016-10-12 16:00:00,1260.46,6,Education,250000,,,17.8,0.0,9.4,0.0,1027.0,190.0,2.6
1028,1,2016-03-25 09:00:00,0.0,11,Education,81390,,,-1.3,,-2.0,,1000.5,40.0,2.1
670,0,2016-02-06 06:00:00,11.2,5,Healthcare,18471,1966.0,1.0,10.0,,8.0,,,210.0,4.1
747,1,2016-07-10 20:00:00,18.8497,6,Education,30531,,,30.6,4.0,15.6,0.0,1014.5,20.0,2.6
1116,2,2016-06-04 05:00:00,125.977,13,Services,11681,,,17.8,,15.0,-1.0,1010.5,220.0,2.6
688,0,2016-07-03 14:00:00,5.1,5,Office,52302,1966.0,2.0,18.0,,13.0,,,260.0,5.1
1437,2,2016-06-27 13:00:00,420.449,15,Education,111518,1968.0,,21.1,,13.9,-1.0,1016.0,170.0,3.6
307,0,2016-07-17 22:00:00,23.27,3,Public services,10873,,,32.8,,17.8,0.0,1020.0,210.0,4.1
1032,3,2016-04-15 11:00:00,124.358,11,Education,127632,,,1.4,,-6.2,,1032.0,70.0,3.6
795,0,2016-10-29 01:00:00,2212.13,7,Education,387500,1960.0,6.0,2.7,,1.3,,1023.0,240.0,2.6
118,0,2016-05-08 01:00:00,249.2,1,Education,138316,1960.0,8.0,15.2,0.0,9.1,,1007.5,10.0,1.0
88,0,2016-06-21 04:00:00,668.226,0,Entertainment/public assembly,76527,2007.0,,22.8,2.0,15.6,0.0,1022.0,20.0,3.6
1080,1,2016-04-07 08:00:00,0.0,13,Education,207115,,,1.1,,-2.2,0.0,1008.5,340.0,2.1
663,0,2016-12-22 20:00:00,10.0,5,Entertainment/public assembly,57189,1976.0,2.0,8.0,,7.0,,,240.0,2.6
1149,0,2016-03-27 14:00:00,271.192,13,Office,293990,,,2.2,,1.1,-1.0,1015.5,330.0,4.1
497,0,2016-09-19 14:00:00,13.0,3,Public services,7732,,,24.4,,22.8,-1.0,1016.5,350.0,5.7
1007,0,2016-11-14 05:00:00,42.25,10,Office,41933,,2.0,8.3,2.0,0.6,0.0,1024.0,170.0,3.6
961,1,2016-04-10 05:00:00,434.858,9,Education,155882,,,19.4,,14.4,0.0,,170.0,4.1
538,0,2016-01-18 12:00:00,8.56,3,Religious worship,10000,2010.0,,-7.2,2.0,-18.3,0.0,1017.0,300.0,10.3
1231,0,2016-08-11 10:00:00,25.0,14,Education,13220,,,25.6,0.0,23.3,0.0,1018.5,210.0,3.1
759,2,2016-12-17 09:00:00,370.387,6,Lodging/residential,48519,,,-1.7,,-10.6,-1.0,1020.0,210.0,4.6
534,0,2016-12-21 16:00:00,5.12,3,Entertainment/public assembly,898,,,7.8,,-7.8,0.0,1025.0,270.0,2.6
1061,0,2016-01-10 04:00:00,25.9075,12,Retail,44218,,,3.2,8.0,2.2,,976.5,250.0,10.0
656,0,2016-01-08 01:00:00,9.5,5,Other,5769,1976.0,1.0,7.0,,3.0,,,230.0,5.1
993,0,2016-11-02 21:00:00,1546.0,9,Education,428647,,,29.4,,21.1,0.0,1016.5,,2.6
885,1,2016-02-03 14:00:00,44.7343,9,Lodging/residential,40697,,,4.4,0.0,-3.9,0.0,1022.0,,1.5
1269,0,2016-01-30 07:00:00,29.817,14,Healthcare,56388,,,-1.1,0.0,-8.9,0.0,1013.0,330.0,4.6
1129,0,2016-12-29 11:00:00,146.178,13,Office,133100,,,-2.2,,-6.7,0.0,1011.0,280.0,6.2
44,0,2016-04-30 17:00:00,0.0,0,Retail,283,1985.0,,30.0,,18.9,0.0,1015.0,140.0,4.1
287,1,2016-11-22 00:00:00,1.8991,2,Office,33713,1956.0,,19.4,4.0,7.8,0.0,1011.0,250.0,4.1
1353,1,2016-01-14 18:00:00,3.4051,15,Religious worship,22201,,,-3.3,,-7.8,-1.0,1011.0,260.0,1.5
1317,3,2016-11-14 01:00:00,94.8929,14,Entertainment/public assembly,180806,,,8.9,0.0,-4.4,0.0,1018.0,240.0,2.1
1126,0,2016-02-02 13:00:00,210.011,13,Education,72332,,,-2.8,,-5.0,0.0,1019.5,50.0,4.1
1404,1,2016-05-19 08:00:00,2.2342,15,Lodging/residential,169290,2006.0,,1.1,0.0,0.6,,1021.0,80.0,1.5
851,0,2016-04-26 11:00:00,111.333,8,Public services,16682,,1.0,17.2,2.0,14.4,0.0,1015.5,0.0,0.0
149,0,2016-12-05 03:00:00,68.6,1,Office,81881,1960.0,8.0,0.7,0.0,-0.6,,1023.5,40.0,2.6
238,0,2016-03-22 00:00:00,119.68,2,Office,45017,,,32.2,6.0,-3.9,0.0,1009.5,260.0,2.6
215,3,2016-08-10 15:00:00,5.8614,2,Lodging/residential,36406,1940.0,,30.6,,21.1,0.0,1011.0,170.0,1.5
1211,1,2016-04-24 05:00:00,6.9972,13,Office,94988,,,17.2,,8.3,0.0,1012.0,120.0,6.7
763,1,2016-09-27 17:00:00,412.966,6,Office,54597,,,23.9,4.0,17.8,0.0,1013.5,,3.1
739,0,2016-04-28 04:00:00,31.0,5,Education,137046,1966.0,2.0,1.0,0.0,-2.0,,,330.0,2.1
397,0,2016-06-28 00:00:00,85.68,3,Public services,54061,2006.0,,27.8,6.0,22.2,3.0,1014.5,170.0,3.1
217,3,2016-12-20 02:00:00,0.0,2,Education,282946,2003.0,,16.7,0.0,-1.1,0.0,1022.0,100.0,2.1
17,0,2016-08-29 10:00:00,117.537,0,Office,15250,1980.0,,25.0,2.0,23.3,0.0,1013.5,30.0,2.6
925,2,2016-12-14 09:00:00,112.85,9,Education,54405,,,8.9,0.0,5.6,0.0,1020.0,350.0,2.1
734,0,2016-09-17 02:00:00,3.5,5,Education,28191,1919.0,1.0,10.0,0.0,10.0,,,300.0,3.6
898,2,2016-03-31 15:00:00,33.55,9,Public services,64749,,,23.3,0.0,16.7,0.0,1005.5,340.0,3.6
227,0,2016-04-02 15:00:00,11.62,2,Entertainment/public assembly,17132,1918.0,,17.8,0.0,-2.8,0.0,1021.0,120.0,3.1
1319,0,2016-11-26 12:00:00,152.815,14,Entertainment/public assembly,287419,,,5.0,0.0,2.2,0.0,1019.0,320.0,2.1
1386,1,2016-11-28 23:00:00,236.032,15,Entertainment/public assembly,82035,1975.0,,6.7,0.0,-1.7,,1017.5,130.0,3.1
976,1,2016-10-15 08:00:00,0.0,9,Education,59498,,,23.3,,21.1,0.0,,,2.1
888,0,2016-07-19 13:00:00,149.0,9,Entertainment/public assembly,137522,,,26.7,0.0,23.3,0.0,1020.5,210.0,1.5
1042,0,2016-05-04 07:00:00,84.885,12,Office,29547,,,9.6,6.0,3.3,,1021.0,190.0,8.0
581,0,2016-12-07 11:00:00,12.2,4,Lodging/residential,23012,1930.0,3.0,5.0,0.0,3.3,0.0,1021.0,0.0,0.0
1127,1,2016-04-14 03:00:00,2.0408,13,Office,87131,,,14.4,0.0,1.1,0.0,1016.0,120.0,7.2
1080,0,2016-03-02 12:00:00,548.429,13,Education,207115,,,-10.0,8.0,-13.9,0.0,1020.0,220.0,3.1
625,0,2016-11-18 12:00:00,203.193,4,Education,55516,1978.0,5.0,9.4,0.0,1.7,0.0,1017.0,100.0,1.5
923,1,2016-10-25 18:00:00,97.2761,9,Education,24992,,,26.7,4.0,17.8,0.0,1021.0,,1.5
891,0,2016-08-21 19:00:00,26.0,9,Education,50846,,,27.2,2.0,23.3,-1.0,1015.5,20.0,1.5
1378,2,2016-09-06 18:00:00,0.0,15,Education,214505,1990.0,,26.7,0.0,14.4,,1020.0,310.0,2.1
1031,3,2016-08-01 05:00:00,5.9811,11,Education,93206,,,18.7,,14.1,,1018.0,60.0,1.0
1418,0,2016-05-04 14:00:00,15.85,15,Lodging/residential,41302,1975.0,,13.3,4.0,7.2,,1007.5,140.0,2.6
446,0,2016-09-01 23:00:00,298.51,3,Public services,43992,,,26.7,,19.4,-1.0,1012.5,50.0,6.2
1306,0,2016-08-23 17:00:00,75.0,14,Lodging/residential,54172,,,25.6,0.0,11.1,0.0,1026.0,0.0,0.0
728,0,2016-05-12 06:00:00,6.5,5,Education,30300,1966.0,2.0,15.0,,14.0,,,40.0,3.6
1269,0,2016-07-20 01:00:00,94.3592,14,Healthcare,56388,,,24.4,,14.4,0.0,1019.0,110.0,1.5
1064,0,2016-03-05 17:00:00,249.41,12,Education,131212,,,6.0,2.0,-1.4,,1010.0,350.0,7.0
446,0,2016-01-22 19:00:00,219.14,3,Public services,43992,,,-3.9,,-7.8,2.0,,40.0,5.7
1272,0,2016-10-28 21:00:00,490.957,14,Public services,247471,,,10.6,0.0,-1.1,0.0,1021.0,360.0,5.7
561,0,2016-01-25 17:00:00,757.26,3,Office,295000,,,2.2,,-7.2,0.0,1026.0,0.0,0.0
804,0,2016-07-03 09:00:00,371.917,8,Office,175618,,1.0,23.9,4.0,22.8,0.0,1019.0,0.0,0.0
1034,0,2016-11-01 19:00:00,8.425,12,Retail,3907,,1.0,4.0,1.0,1.6,,1030.0,320.0,3.0
895,0,2016-04-27 18:00:00,51.0,9,Education,55087,,,30.0,0.0,13.3,0.0,1006.5,,2.6
200,3,2016-07-15 13:00:00,0.0,2,Entertainment/public assembly,143093,1964.0,,32.2,2.0,11.1,0.0,1009.0,70.0,2.1
1151,1,2016-10-13 01:00:00,71.3048,13,Office,267536,,,5.6,,-2.8,0.0,1025.0,330.0,4.6
213,3,2016-10-16 21:00:00,79.1292,2,Education,49662,1964.0,,32.2,,2.8,0.0,1009.0,,1.5
1300,3,2016-07-27 20:00:00,0.5304,14,Healthcare,25609,,,31.7,0.0,17.2,0.0,1012.0,280.0,2.6
1263,1,2016-09-19 09:00:00,4749.27,14,Education,97838,,,23.3,,21.7,0.0,1015.0,180.0,3.1
330,0,2016-05-02 08:00:00,91.27,3,Education,65000,,,12.8,,12.2,0.0,1014.5,20.0,3.6
91,1,2016-06-02 05:00:00,1055.26,0,Education,68094,2003.0,,24.4,4.0,22.2,0.0,1017.0,160.0,1.5
908,1,2016-12-11 04:00:00,9.4955,9,Education,91254,,,10.6,,9.4,0.0,1023.5,160.0,3.1
1286,0,2016-07-31 22:00:00,351.59,14,Healthcare,205472,,,26.7,2.0,23.3,0.0,1013.5,90.0,4.1
1216,1,2016-07-22 23:00:00,31.4458,13,Office,15269,,,35.6,2.0,13.9,0.0,1014.5,150.0,5.1
226,0,2016-05-05 03:00:00,51.33,2,Office,74180,1930.0,,33.3,0.0,-3.3,0.0,1004.5,260.0,8.8
995,1,2016-01-23 08:00:00,10.7616,9,Education,46230,,,2.8,0.0,-1.7,0.0,1027.0,0.0,0.0
485,0,2016-02-04 20:00:00,106.63,3,Public services,22000,2007.0,,9.4,,0.6,0.0,1018.0,10.0,4.6
1208,0,2016-11-08 23:00:00,197.651,13,Healthcare,121585,,,12.2,0.0,-0.6,0.0,1029.0,320.0,3.1
708,0,2016-04-15 06:00:00,58.6,5,Education,102429,1945.0,4.0,9.0,,8.0,,,70.0,5.1
96,0,2016-09-16 11:00:00,532.397,0,Lodging/residential,200933,2006.0,,24.4,2.0,23.3,0.0,1016.5,350.0,2.6
175,1,2016-12-21 21:00:00,2.8838,2,Education,111635,1989.0,,20.0,,10.6,-1.0,1017.0,100.0,4.1
788,0,2016-10-13 12:00:00,359.833,6,Public services,401753,,,8.9,0.0,7.2,0.0,1019.0,0.0,0.0
769,0,2016-04-19 02:00:00,72.5,6,Education,77263,,,23.9,0.0,2.8,0.0,1019.5,0.0,0.0
506,0,2016-09-30 00:00:00,349.34,3,Other,34400,,,19.4,8.0,18.3,10.0,1021.0,70.0,8.8
911,2,2016-04-21 17:00:00,115.9,9,Education,239638,,,16.7,2.0,16.1,3.0,1014.5,0.0,0.0
973,1,2016-10-16 18:00:00,0.0,9,Office,193960,,,31.7,0.0,19.4,0.0,1014.5,,2.6
1297,3,2016-09-19 14:00:00,0.4549,14,Office,21469,,,20.6,,19.4,66.0,1017.0,130.0,1.5
200,1,2016-09-07 16:00:00,605.215,2,Entertainment/public assembly,143093,1964.0,,26.7,,21.1,-1.0,1012.0,170.0,4.1
1342,2,2016-09-12 18:00:00,40.2129,15,Education,116854,1978.0,,22.8,4.0,10.0,,1024.0,,2.1
323,0,2016-06-25 17:00:00,276.03,3,Education,282200,1928.0,,28.3,4.0,15.6,0.0,1022.0,80.0,3.6
952,0,2016-08-05 07:00:00,182.0,9,Education,218024,,,27.8,0.0,22.2,0.0,1013.5,,1.5
902,0,2016-09-25 17:00:00,183.0,9,Education,14561,,,25.6,,22.2,-1.0,,,1.5
1295,1,2016-01-06 20:00:00,37.6832,14,Office,115676,,,4.4,0.0,-16.7,0.0,1031.0,220.0,2.6
428,0,2016-09-01 17:00:00,4.03,3,Entertainment/public assembly,1396,,,25.6,,20.6,-1.0,1012.0,330.0,4.1
715,0,2016-10-06 07:00:00,18.6,5,Education,23153,1976.0,2.0,8.0,,6.0,,,60.0,5.7
671,0,2016-10-18 04:00:00,2.0,5,Lodging/residential,7589,1976.0,3.0,12.0,,11.0,,,250.0,7.7
698,0,2016-01-15 20:00:00,3.7,5,Education,13939,1976.0,1.0,3.0,0.0,0.0,,,300.0,5.7
1373,2,2016-07-28 18:00:00,91.4053,15,Education,105434,2014.0,,28.9,4.0,16.1,,1012.5,,2.1
384,0,2016-07-02 06:00:00,16.46,3,Office,13728,,,22.8,0.0,21.1,0.0,1014.5,190.0,2.6
717,0,2016-06-09 20:00:00,8.0,5,Education,28826,1976.0,2.0,18.0,0.0,14.0,,,150.0,2.6
1233,3,2016-05-26 18:00:00,27.7281,14,Education,43143,,,31.1,0.0,8.3,0.0,1017.0,250.0,4.6
1286,2,2016-03-28 09:00:00,3125.09,14,Healthcare,205472,,,6.7,,5.0,3.0,1010.5,80.0,4.6
452,0,2016-12-29 12:00:00,139.68,3,Education,155100,1931.0,,4.4,8.0,3.9,23.0,1010.5,200.0,3.6
216,0,2016-09-21 13:00:00,234.97,2,Education,137065,1964.0,,26.1,,17.2,0.0,1009.5,100.0,1.5
1158,1,2016-03-05 16:00:00,0.0,13,Public services,294812,,,0.0,,-3.9,0.0,1024.0,360.0,3.6
1178,0,2016-08-05 05:00:00,50.802,13,Education,133072,,,21.7,0.0,15.6,0.0,1012.5,260.0,3.1
1219,0,2016-10-30 18:00:00,68.0,13,Office,91316,,,7.2,8.0,2.2,0.0,1026.0,0.0,0.0
486,0,2016-08-10 00:00:00,152.63,3,Education,86375,1903.0,,26.1,8.0,22.8,0.0,1021.5,150.0,3.1
784,2,2016-11-24 01:00:00,3954.03,6,Education,190817,,,6.7,0.0,-5.6,0.0,1024.0,0.0,0.0
1294,0,2016-05-06 02:00:00,26.6624,14,Office,15649,,,12.8,,6.7,0.0,1004.5,50.0,2.6
107,0,2016-09-10 15:00:00,56.0,1,Education,97532,2005.0,10.0,18.4,,17.8,,1011.5,190.0,4.6
378,0,2016-10-23 10:00:00,33.77,3,Public services,35241,1978.0,,7.8,2.0,1.7,0.0,1016.0,230.0,4.1
1230,1,2016-04-29 11:00:00,110.8,14,Office,22524,,,7.8,,5.6,0.0,1018.0,50.0,2.1
246,0,2016-07-04 06:00:00,328.67,2,Office,202435,1967.0,,36.7,0.0,10.6,0.0,1009.5,260.0,2.6
1424,2,2016-11-19 15:00:00,86.5652,15,Lodging/residential,24103,1964.0,,15.6,0.0,6.7,,1009.0,170.0,4.6
1307,2,2016-03-03 18:00:00,367.214,14,Lodging/residential,66013,,,0.6,2.0,-13.9,0.0,1023.5,,2.1
1234,1,2016-09-20 03:00:00,145.88,14,Education,46037,,,20.6,,19.4,0.0,1017.5,350.0,2.1
1323,0,2016-07-31 05:00:00,144.0,14,Office,87200,,,23.3,2.0,22.2,3.0,1015.0,120.0,2.6
418,0,2016-08-11 01:00:00,176.37,3,Entertainment/public assembly,86120,1926.0,,30.0,4.0,22.2,0.0,1020.5,190.0,4.6
1333,0,2016-04-03 09:00:00,24.375,15,Office,31316,1913.0,,-3.9,,-6.7,-1.0,1001.5,300.0,13.9
867,0,2016-07-24 11:00:00,53.75,8,Public services,65913,,1.0,24.4,2.0,22.8,0.0,1017.0,0.0,0.0
191,0,2016-09-17 08:00:00,43.88,2,Education,78268,1964.0,,25.6,0.0,-0.6,0.0,1009.5,0.0,0.0
1271,0,2016-09-21 21:00:00,38.6411,14,Public services,20540,,,28.3,0.0,15.0,0.0,1019.5,60.0,2.6
1197,0,2016-03-13 12:00:00,254.153,13,Services,50552,,,8.9,8.0,5.0,-1.0,1011.0,120.0,3.1
534,0,2016-05-20 17:00:00,0.48,3,Entertainment/public assembly,898,,,23.9,,5.6,0.0,1025.0,0.0,0.0
1012,0,2016-02-26 09:00:00,29.37,10,Education,23112,,2.0,1.7,0.0,-4.4,0.0,1026.0,180.0,3.1
748,1,2016-09-04 09:00:00,71.0816,6,Office,32766,,,17.8,0.0,16.1,0.0,1022.0,0.0,0.0
882,0,2016-12-18 08:00:00,31.0,9,Education,39143,,,-1.1,,-8.9,0.0,1025.0,340.0,7.2
1370,0,2016-06-14 03:00:00,20.025,15,Education,4773,,,,,,,,,
1167,0,2016-12-08 20:00:00,122.32,13,Office,52748,,,-5.0,,-11.1,-1.0,1031.0,320.0,7.2
321,0,2016-10-09 04:00:00,18.43,3,Public services,15913,,,19.4,,17.8,-1.0,1015.0,10.0,7.7
545,0,2016-11-21 19:00:00,87.19,3,Education,21903,1931.0,,7.8,0.0,-10.6,0.0,1014.0,290.0,6.7
1220,2,2016-12-30 16:00:00,12500.0,13,Public services,381221,,,-6.1,,-9.4,0.0,1015.5,190.0,2.6
1412,0,2016-09-06 19:00:00,38.9,15,Lodging/residential,39538,1953.0,,27.2,0.0,15.0,,1019.5,330.0,3.6
1094,0,2016-12-11 15:00:00,610.264,13,Office,70852,,,-7.8,,-10.0,5.0,1015.0,70.0,3.6
1076,0,2016-06-24 10:00:00,79.593,13,Lodging/residential,117054,,,16.7,2.0,15.0,0.0,1017.5,0.0,0.0
745,0,2016-03-10 10:00:00,16.4333,6,Education,13512,,,15.0,0.0,9.4,0.0,1018.5,190.0,4.6
962,0,2016-11-13 10:00:00,415.0,9,Public services,492898,,,13.9,0.0,11.7,0.0,1023.0,0.0,0.0
997,0,2016-09-13 20:00:00,43.0,9,Office,38173,,,32.8,0.0,20.6,0.0,1013.5,0.0,0.0
890,0,2016-11-25 22:00:00,370.0,9,Education,202937,,,16.7,,13.9,0.0,1027.0,340.0,2.6
756,0,2016-06-17 08:00:00,18.8833,6,Lodging/residential,44352,,,19.4,,18.3,0.0,1005.5,50.0,2.1
197,1,2016-06-18 05:00:00,47.6533,2,Public services,102856,,,34.4,0.0,-3.9,0.0,1010.5,0.0,0.0
903,2,2016-02-23 17:00:00,0.0,9,Education,275793,,,12.8,,9.4,0.0,1006.0,300.0,4.6
1120,0,2016-11-28 03:00:00,60.054,13,Services,70040,,,6.7,,5.0,28.0,995.0,130.0,6.7
519,0,2016-11-29 18:00:00,1067.76,3,Public services,461647,1976.0,,17.2,8.0,14.4,-1.0,1010.0,290.0,4.1
78,1,2016-04-03 03:00:00,464.314,0,Education,76257,2007.0,,22.2,,17.8,0.0,1013.5,270.0,3.6
268,1,2016-03-05 07:00:00,622.729,2,Entertainment/public assembly,77844,,,19.4,4.0,-1.7,0.0,1011.0,100.0,3.1
186,0,2016-06-01 12:00:00,1.84,2,Religious worship,1629,1948.0,,26.1,4.0,2.8,0.0,1006.5,170.0,2.1
1292,1,2016-09-30 10:00:00,0.0,14,Office,58196,,,12.8,,11.1,-1.0,1023.5,40.0,6.2
249,3,2016-01-22 10:00:00,155.328,2,Entertainment/public assembly,179449,1976.0,,11.1,,-3.3,0.0,1021.0,110.0,1.5
1169,0,2016-02-14 00:00:00,0.0,13,Education,155439,,,-13.9,4.0,-22.2,0.0,1033.0,140.0,3.1
1230,1,2016-06-26 06:00:00,53.0,14,Office,22524,,,17.8,0.0,12.2,0.0,1022.0,170.0,2.1
987,1,2016-08-05 00:00:00,1092.09,9,Education,166395,,,35.6,2.0,21.1,0.0,1010.5,140.0,3.1
1072,2,2016-05-18 02:00:00,0.0,13,Healthcare,305000,,,15.0,2.0,-2.2,0.0,1025.0,20.0,2.6
962,1,2016-06-25 21:00:00,1402.48,9,Public services,492898,,,28.3,0.0,23.9,-1.0,1016.0,,3.1
982,0,2016-11-30 17:00:00,115.0,9,Services,373416,,,16.1,0.0,-1.7,0.0,1019.0,360.0,3.6
1286,2,2016-01-01 01:00:00,3460.37,14,Healthcare,205472,,,5.6,0.0,-0.6,0.0,1019.5,300.0,2.6
1311,3,2016-08-09 11:00:00,66.0326,14,Lodging/residential,66794,,,18.3,0.0,17.2,0.0,1021.0,0.0,0.0
720,0,2016-10-21 09:00:00,14.636,5,Education,18202,1919.0,2.0,10.0,0.0,8.0,,,,1.0
249,1,2016-08-04 10:00:00,1754.73,2,Entertainment/public assembly,179449,1976.0,,28.9,4.0,21.1,0.0,1009.0,120.0,3.6
691,0,2016-11-16 10:00:00,2.8,5,Office,42647,1976.0,1.0,12.0,,11.0,,,270.0,8.2
887,0,2016-09-17 20:00:00,71.0,9,Lodging/residential,69754,,,34.4,2.0,22.2,0.0,1013.5,160.0,2.6
226,0,2016-01-30 08:00:00,68.27,2,Office,74180,1930.0,,12.2,0.0,0.6,0.0,1014.0,100.0,2.1
1312,0,2016-11-21 02:00:00,100.0,14,Lodging/residential,75000,,,4.4,,-5.0,0.0,1003.5,280.0,6.2
114,0,2016-11-19 19:00:00,902.625,1,Education,139683,1958.0,13.0,5.8,,4.6,,998.5,150.0,3.6
919,0,2016-07-28 05:00:00,19.0,9,Education,31233,,,25.0,0.0,22.2,0.0,1014.5,130.0,1.5
579,0,2016-10-26 13:00:00,2.3455,4,Education,7781,1910.0,4.0,14.4,2.0,12.8,,1016.5,0.0,0.0
246,0,2016-09-02 15:00:00,408.43,2,Office,202435,1967.0,,31.1,2.0,16.7,0.0,1009.5,140.0,3.6
15,0,2016-01-19 09:00:00,0.0,0,Office,83957,1974.0,,7.8,,-0.6,0.0,1027.0,350.0,5.7
1255,0,2016-11-29 17:00:00,35.2209,14,Office,23702,,,13.9,,12.8,36.0,1011.5,170.0,6.7
880,2,2016-12-29 09:00:00,198.25,9,Education,157723,,,18.3,0.0,4.4,0.0,1021.0,10.0,3.6
18,0,2016-12-17 11:00:00,2157.03,0,Education,111891,1996.0,,16.1,,15.0,0.0,1021.5,0.0,0.0
1326,0,2016-11-11 18:00:00,129.0,15,Office,46981,1962.0,,5.6,,-1.1,,1014.5,320.0,8.2
1272,0,2016-08-16 00:00:00,452.051,14,Public services,247471,,,30.6,0.0,20.6,0.0,1020.0,20.0,2.1
1020,0,2016-04-20 16:00:00,87.12,10,Entertainment/public assembly,22101,,2.0,15.6,0.0,3.9,0.0,1013.5,,1.5
1274,1,2016-02-05 08:00:00,0.0,14,Office,17077,,,1.7,,-0.6,-1.0,,20.0,5.1
1170,0,2016-04-25 04:00:00,30.854,13,Office,59476,,,12.2,4.0,10.6,10.0,1002.5,50.0,5.1
1396,0,2016-01-28 19:00:00,27.525,15,Lodging/residential,96336,1913.0,,0.0,,-7.2,,,180.0,5.7
399,0,2016-11-22 12:00:00,153.42,3,Education,180000,1939.0,,2.2,2.0,-7.2,0.0,1022.0,260.0,5.7
1440,0,2016-12-11 03:00:00,201.6,15,Lodging/residential,150294,1987.0,,-6.7,2.0,-9.4,,1030.0,250.0,3.6
44,0,2016-10-13 04:00:00,13.7877,0,Retail,283,1985.0,,22.8,,21.1,-1.0,1017.5,350.0,2.6
190,0,2016-11-12 12:00:00,131.04,2,Education,137040,1957.0,,17.2,0.0,5.0,0.0,1019.0,120.0,1.5
1222,0,2016-02-18 12:00:00,455.545,13,Lodging/residential,187174,,,-2.2,6.0,-6.1,0.0,1019.0,130.0,6.2
368,0,2016-12-01 15:00:00,69.91,3,Retail,16500,,,12.2,0.0,2.2,0.0,1009.0,310.0,5.7
1128,0,2016-12-04 15:00:00,72.253,13,Office,58703,,,0.6,,-0.6,0.0,1014.0,160.0,3.6
610,0,2016-05-18 12:00:00,2.25,4,Entertainment/public assembly,30160,1958.0,4.0,14.4,0.0,11.1,0.0,1013.5,0.0,0.0
238,1,2016-08-08 01:00:00,59.3293,2,Office,45017,,,42.2,2.0,13.3,0.0,1001.0,290.0,5.1
1042,0,2016-06-22 07:00:00,101.09,12,Office,29547,,,14.7,6.0,9.9,,1014.5,230.0,6.0
998,1,2016-05-11 11:00:00,29.3341,10,Education,173479,,1.0,2.8,0.0,1.1,0.0,1022.5,200.0,1.5
891,1,2016-05-05 08:00:00,52.5066,9,Education,50846,,,17.8,0.0,11.1,0.0,1016.5,290.0,1.5
1409,2,2016-08-15 16:00:00,34.0778,15,Lodging/residential,48881,1902.0,,22.8,4.0,17.8,,1024.0,300.0,2.1
273,1,2016-06-07 00:00:00,91.1216,2,Office,140345,,,43.3,2.0,-2.8,0.0,999.5,220.0,3.6
1029,0,2016-03-18 14:00:00,400.452,11,Education,152559,,,-1.0,,-7.4,,1010.5,330.0,6.2
1229,3,2016-01-14 00:00:00,492.397,14,Office,27646,,,-4.4,0.0,-15.6,0.0,1017.0,280.0,3.6
767,1,2016-03-29 23:00:00,165.65,6,Office,70042,,,15.6,0.0,-4.4,0.0,1020.5,10.0,2.6
954,2,2016-05-09 02:00:00,0.0,9,Education,305224,,,21.7,2.0,18.3,0.0,1008.0,160.0,5.1
1147,0,2016-12-19 14:00:00,327.769,13,Entertainment/public assembly,234476,,,-11.7,,-17.8,0.0,1028.0,210.0,3.6
1180,1,2016-08-10 02:00:00,38.6512,13,Education,95182,,,28.9,2.0,22.8,0.0,1012.5,180.0,3.6
1381,2,2016-01-02 01:00:00,1768.14,15,Office,84615,1963.0,,-3.0,,-4.0,,,320.0,5.7
1226,2,2016-07-04 15:00:00,148.379,14,Education,27995,,,25.0,,15.6,0.0,1018.0,,2.6
32,0,2016-02-01 11:00:00,0.0,0,Office,48392,2005.0,,16.7,,14.4,0.0,1017.5,20.0,2.1
215,3,2016-12-08 02:00:00,8.7921,2,Lodging/residential,36406,1940.0,,15.0,,5.6,0.0,1016.5,230.0,3.1
220,3,2016-03-14 00:00:00,8.7921,2,Education,122592,1971.0,,23.9,6.0,-3.3,0.0,1013.0,280.0,4.1
787,1,2016-07-29 16:00:00,275.964,6,Lodging/residential,278795,,,29.4,,20.0,0.0,1012.5,10.0,2.6
789,2,2016-11-15 00:00:00,327.66,7,Education,64583,1923.0,1.0,7.8,,2.9,,1014.0,180.0,1.5
868,0,2016-05-01 17:00:00,108.333,8,Public services,60000,,1.0,29.4,,18.3,0.0,1017.5,170.0,3.1
217,3,2016-03-09 23:00:00,0.0,2,Education,282946,2003.0,,26.1,2.0,-5.6,0.0,1010.5,220.0,2.1
560,0,2016-10-15 08:00:00,437.69,3,Office,340000,2010.0,,12.2,4.0,8.3,0.0,1028.0,0.0,0.0
1150,1,2016-08-06 06:00:00,51.646,13,Office,196043,,,18.3,0.0,13.9,0.0,1017.5,320.0,2.1
996,0,2016-06-25 12:00:00,134.0,9,Education,77632,,,25.6,,23.9,0.0,1016.0,150.0,2.6
769,2,2016-08-26 05:00:00,0.0,6,Education,77263,,,25.6,0.0,23.9,0.0,1016.5,270.0,1.5
1178,2,2016-01-25 06:00:00,2218.75,13,Education,133072,,,-2.2,8.0,-3.3,-1.0,1012.5,130.0,2.6
42,0,2016-01-22 05:00:00,0.0,0,Other,226506,1968.0,,15.6,,9.4,0.0,1017.5,140.0,4.6
889,1,2016-10-17 17:00:00,498.478,9,Education,126077,,,30.6,0.0,21.1,0.0,1011.5,190.0,3.6
998,1,2016-07-24 05:00:00,0.0,10,Education,173479,,1.0,22.2,0.0,-1.7,0.0,1011.5,170.0,2.6
1329,1,2016-04-03 19:00:00,69.6195,15,Technology/science,60100,1912.0,,-3.9,,-11.1,-1.0,1014.0,300.0,8.2
98,1,2016-12-18 03:00:00,3207.99,0,Lodging/residential,200933,2007.0,,22.2,2.0,20.0,0.0,1020.5,150.0,4.1
1266,1,2016-04-14 15:00:00,93.9326,14,Public services,13469,,,11.7,0.0,0.6,0.0,1028.0,80.0,5.1
952,1,2016-07-03 09:00:00,0.0,9,Education,218024,,,26.1,,23.3,0.0,1013.0,,2.6
1224,3,2016-03-22 13:00:00,88.1496,14,Office,23481,,,3.3,0.0,-8.3,0.0,1022.5,250.0,3.1
1324,1,2016-04-10 00:00:00,0.0,14,Entertainment/public assembly,84688,,,2.8,,1.1,3.0,1011.5,310.0,3.1
306,0,2016-11-12 02:00:00,57.19,3,Education,51500,1931.0,,12.2,4.0,-2.2,0.0,1021.0,340.0,10.8
968,0,2016-07-29 04:00:00,118.0,9,Education,153999,,,25.0,0.0,22.8,0.0,1015.0,0.0,0.0
262,0,2016-02-25 11:00:00,13.19,2,Entertainment/public assembly,20804,1999.0,,13.3,0.0,-3.3,0.0,1016.5,0.0,0.0
1410,1,2016-12-06 17:00:00,32.9394,15,Office,11524,1994.0,,3.0,0.0,-1.0,,,160.0,4.6
911,1,2016-09-23 13:00:00,1401.36,9,Education,239638,,,24.4,,23.3,0.0,1014.5,0.0,0.0
795,0,2016-11-03 13:00:00,3183.89,7,Education,387500,1960.0,6.0,7.7,,6.9,19.0,1015.5,240.0,1.0
213,0,2016-08-21 08:00:00,193.11,2,Education,49662,1964.0,,28.3,,15.0,0.0,1008.5,260.0,5.1
1275,0,2016-02-29 03:00:00,149.48,14,Office,114166,,,8.9,0.0,-0.6,0.0,1008.5,190.0,2.6
183,3,2016-04-18 00:00:00,0.0,2,Education,132518,1992.0,,27.2,2.0,-4.4,0.0,1011.0,20.0,3.1
772,2,2016-01-02 04:00:00,0.0,6,Lodging/residential,87661,,,0.6,0.0,-7.2,0.0,1020.5,140.0,1.5
386,0,2016-01-15 16:00:00,39.23,3,Entertainment/public assembly,17262,2003.0,,7.2,,0.6,0.0,1012.0,170.0,4.1
1149,2,2016-11-06 19:00:00,0.0,13,Office,293990,,,20.6,2.0,4.4,0.0,1022.0,190.0,4.6
587,0,2016-04-26 22:00:00,98.75,4,Technology/science,53234,1942.0,5.0,18.3,,6.1,,1018.0,250.0,7.7
1188,0,2016-03-25 07:00:00,22.067,13,Office,37096,,,0.0,0.0,-7.2,0.0,1013.5,120.0,2.1
270,0,2016-04-28 19:00:00,22.4,2,Office,29778,,,22.2,2.0,-1.7,0.0,1005.0,250.0,4.1
796,1,2016-12-14 21:00:00,0.0,7,Education,226042,1965.0,2.0,-5.2,,-13.4,,1007.0,220.0,6.7
1446,0,2016-09-13 13:00:00,9.625,15,Entertainment/public assembly,11265,1997.0,,17.8,0.0,11.1,,1021.5,160.0,4.6
134,0,2016-04-07 19:00:00,80.9,1,Lodging/residential,49589,1998.0,8.0,8.3,,6.5,,1011.5,360.0,2.6
1324,3,2016-07-05 19:00:00,0.0,14,Entertainment/public assembly,84688,,,28.9,,19.4,0.0,1008.5,320.0,4.6
1258,0,2016-07-31 13:00:00,866.75,14,Education,273234,,,23.9,,22.8,3.0,1015.0,140.0,2.6
1085,2,2016-01-06 08:00:00,1945.31,13,Education,58377,,,-2.8,,-6.1,0.0,1019.5,150.0,3.6
980,2,2016-06-29 13:00:00,0.0,9,Entertainment/public assembly,34819,,,23.3,,21.1,0.0,1016.5,0.0,0.0
576,0,2016-05-02 11:00:00,172.5,4,Education,86465,2014.0,7.0,12.2,0.0,10.0,,1015.0,340.0,2.6
253,3,2016-05-27 20:00:00,0.0,2,Education,65907,1964.0,,30.6,2.0,-0.6,0.0,1007.5,0.0,0.0
1338,0,2016-01-17 18:00:00,5.175,15,Education,31415,1912.0,,-1.7,,-5.6,,1009.0,150.0,3.6
580,0,2016-05-24 09:00:00,125.5,4,Education,104016,1960.0,4.0,14.4,,10.0,0.0,1012.5,260.0,5.7
1094,2,2016-08-07 10:00:00,609.375,13,Office,70852,,,17.8,0.0,15.6,0.0,1018.0,0.0,0.0
1140,1,2016-01-27 09:00:00,87.9648,13,Education,156483,,,-8.9,0.0,-11.7,0.0,1022.5,190.0,3.1
979,2,2016-05-15 19:00:00,82.35,9,Entertainment/public assembly,52357,,,21.7,,16.7,0.0,1018.0,,1.5
592,0,2016-01-25 11:00:00,437.76,4,Education,120694,2012.0,7.0,10.0,,7.2,0.0,1024.0,120.0,2.1
661,0,2016-11-24 00:00:00,1.654,5,Entertainment/public assembly,7427,1976.0,2.0,8.0,,6.0,,,50.0,11.3
508,0,2016-09-25 13:00:00,7.22,3,Other,112283,,,16.7,2.0,8.3,0.0,1023.5,40.0,4.6
1116,2,2016-11-10 20:00:00,390.137,13,Services,11681,,,19.4,0.0,5.6,0.0,1014.0,330.0,8.8
334,0,2016-07-19 05:00:00,42.79,3,Education,57100,1960.0,,23.9,,21.1,0.0,1019.0,220.0,3.6
907,2,2016-10-30 07:00:00,27.45,9,Entertainment/public assembly,44564,,,21.1,0.0,18.3,0.0,1019.0,,1.5
898,1,2016-05-31 14:00:00,143.488,9,Public services,64749,,,25.0,,22.8,0.0,1012.0,160.0,1.5
921,0,2016-01-31 22:00:00,458.0,9,Entertainment/public assembly,262162,,,29.4,0.0,,0.0,1006.5,360.0,3.1
729,0,2016-08-24 01:00:00,3.5,5,Education,17190,1919.0,2.0,16.0,0.0,16.0,,,290.0,3.6
1296,2,2016-07-10 06:00:00,92.2413,14,Office,8836,,,20.0,,18.9,0.0,1009.0,0.0,0.0
106,0,2016-10-08 21:00:00,0.7492,1,Education,5374,,4.0,12.5,,8.7,,1028.0,320.0,1.5
795,0,2016-12-15 21:00:00,2213.03,7,Education,387500,1960.0,6.0,-16.9,,-24.7,,1013.5,300.0,8.2
118,0,2016-03-09 08:00:00,400.2,1,Education,138316,1960.0,8.0,7.7,,6.6,,987.5,150.0,7.2
801,2,2016-04-17 17:00:00,179.57,7,Education,484376,1952.0,5.0,18.9,,-1.5,,1029.0,260.0,2.6
1232,2,2016-05-07 14:00:00,0.0,14,Education,181328,,,10.6,,9.4,0.0,1008.0,100.0,3.1
1262,3,2016-08-19 17:00:00,520.0,14,Office,65000,,,28.9,4.0,19.4,0.0,1013.0,,1.5
740,0,2016-04-15 23:00:00,0.0004,5,Education,37975,1976.0,1.0,6.0,0.0,3.0,,,300.0,4.1
378,0,2016-06-28 22:00:00,68.23,3,Public services,35241,1978.0,,28.9,,22.8,0.0,1010.5,180.0,5.1
1322,3,2016-03-05 04:00:00,2092.35,14,Entertainment/public assembly,166489,,,0.0,,-7.2,0.0,1019.0,340.0,2.6
1094,1,2016-10-31 14:00:00,1.4994,13,Office,70852,,,8.9,,6.7,0.0,1011.5,170.0,5.7
646,0,2016-02-14 22:00:00,26.175,4,Education,58733,1923.0,6.0,20.6,,10.6,0.0,1023.0,280.0,5.7
1294,1,2016-06-26 17:00:00,425.753,14,Office,15649,,,28.9,0.0,14.4,0.0,1022.5,,3.1
1167,1,2016-09-11 13:00:00,0.0,13,Office,52748,,,15.6,4.0,10.0,0.0,1018.0,200.0,2.1
1291,1,2016-01-04 17:00:00,852.718,14,Office,237546,,,-1.1,0.0,-14.4,0.0,1017.0,350.0,7.7
520,0,2016-06-22 17:00:00,111.12,3,Office,27600,,,28.3,,10.6,0.0,1014.5,280.0,6.7
923,0,2016-11-27 15:00:00,20.0,9,Education,24992,,,15.6,,12.8,0.0,1018.0,,3.1
517,0,2016-09-20 16:00:00,1.08,3,Lodging/residential,2210,,,24.4,,20.0,0.0,1020.5,30.0,5.1
893,0,2016-02-13 20:00:00,28.0,9,Education,47191,,,22.2,,12.2,0.0,1024.0,200.0,4.6
217,3,2016-06-17 06:00:00,0.0,2,Education,282946,2003.0,,31.1,0.0,1.7,0.0,1009.5,230.0,2.1
499,0,2016-07-16 16:00:00,396.34,3,Education,376507,2011.0,,31.7,,18.9,0.0,1018.0,0.0,0.0
1311,1,2016-08-28 08:00:00,535.084,14,Lodging/residential,66794,,,18.9,0.0,16.7,0.0,1022.0,0.0,0.0
191,3,2016-02-12 04:00:00,32.2378,2,Education,78268,1964.0,,21.1,0.0,1.1,0.0,1018.5,0.0,0.0
1129,0,2016-08-27 16:00:00,119.033,13,Office,133100,,,17.8,,15.0,3.0,1017.5,150.0,2.1
698,0,2016-02-27 11:00:00,3.5,5,Education,13939,1976.0,1.0,5.0,0.0,-2.0,,,50.0,5.7
633,0,2016-09-03 07:00:00,26.961,4,Parking,98539,1989.0,2.0,15.6,2.0,12.8,0.0,1011.0,280.0,3.1
1226,2,2016-01-31 11:00:00,293.533,14,Education,27995,,,-0.6,0.0,-4.4,0.0,1014.0,220.0,1.5
1350,0,2016-06-23 16:00:00,906.125,15,Education,149762,2004.0,,22.2,,10.0,,1012.5,,2.1
256,0,2016-03-26 23:00:00,7.08,2,Education,16744,,,30.0,0.0,-5.0,0.0,1006.5,230.0,6.2
180,1,2016-02-29 16:00:00,0.0,2,Education,24586,,,19.4,,-1.1,0.0,1015.5,120.0,3.1
830,0,2016-09-09 09:00:00,21.3333,8,Warehouse/storage,15120,,1.0,23.9,2.0,22.2,0.0,1016.5,10.0,2.6
322,0,2016-02-17 04:00:00,27.5,3,Education,37083,1908.0,,5.0,,0.0,0.0,1012.5,330.0,3.1
1299,2,2016-10-22 08:00:00,278.452,14,Education,25401,,,11.1,,8.3,8.0,996.5,330.0,3.6
859,0,2016-12-28 22:00:00,13.5,8,Public services,4000,,1.0,27.2,2.0,15.0,0.0,1019.0,350.0,3.1
1295,2,2016-03-12 04:00:00,778.028,14,Office,115676,,,8.3,0.0,-2.2,0.0,1027.0,360.0,4.6
1091,0,2016-08-04 11:00:00,156.0,13,Lodging/residential,233341,,,25.0,,21.7,0.0,1009.0,210.0,3.1
940,0,2016-01-15 01:00:00,3.84,9,Lodging/residential,8079,,,16.7,0.0,11.7,0.0,1007.5,190.0,2.1
1293,0,2016-05-10 02:00:00,74.5618,14,Office,51471,,,15.6,0.0,7.8,0.0,1017.5,240.0,2.1
1331,0,2016-07-20 08:00:00,239.65,15,Education,171008,1930.0,,10.6,0.0,9.4,,1024.0,80.0,2.1
920,1,2016-09-22 15:00:00,439.395,9,Education,85623,,,28.3,0.0,20.6,0.0,1015.5,0.0,0.0
338,0,2016-10-12 11:00:00,35.31,3,Entertainment/public assembly,23803,1969.0,,10.6,,9.4,0.0,1028.0,70.0,3.1
1288,1,2016-01-17 03:00:00,253.004,14,Education,164206,,,5.6,,-1.7,0.0,1008.0,290.0,3.6
267,0,2016-05-24 16:00:00,125.82,2,Entertainment/public assembly,72193,2013.0,,24.4,0.0,0.6,0.0,1010.0,,1.5
576,0,2016-01-06 07:00:00,137.25,4,Education,86465,2014.0,7.0,10.0,2.0,7.8,,1010.0,110.0,4.1
928,2,2016-11-13 07:00:00,192.15,9,Education,179115,,,16.1,,12.2,0.0,1023.5,10.0,2.1
996,1,2016-06-07 12:00:00,357.101,9,Education,77632,,,21.1,0.0,17.2,0.0,1012.5,0.0,0.0
1331,1,2016-01-08 06:00:00,27.0317,15,Education,171008,1930.0,,,,,,,,
1139,0,2016-08-25 21:00:00,899.108,13,Office,336650,,,23.3,,12.8,0.0,1017.5,260.0,6.2
1157,2,2016-07-04 13:00:00,675.781,13,Education,37107,,,20.0,2.0,13.3,0.0,1011.5,200.0,3.1
1211,1,2016-06-02 23:00:00,0.6664,13,Office,94988,,,22.2,0.0,8.3,0.0,1016.0,0.0,0.0
43,0,2016-12-31 09:00:00,60.683,0,Retail,59071,1980.0,,5.6,2.0,-0.6,0.0,1024.0,360.0,3.1
1057,0,2016-05-30 15:00:00,77.42,12,Education,26372,,4.0,19.0,1.0,10.4,,1022.0,40.0,5.0
1153,0,2016-01-04 05:00:00,0.0,13,Technology/science,89456,,,-6.1,0.0,-8.9,0.0,1030.0,310.0,3.6
893,1,2016-01-24 03:00:00,38.0523,9,Education,47191,,,8.9,0.0,0.0,0.0,1023.0,190.0,1.5
998,0,2016-07-24 10:00:00,51.4999,10,Education,173479,,1.0,17.8,0.0,2.8,0.0,1012.0,210.0,2.1
106,0,2016-07-16 09:00:00,0.7492,1,Education,5374,,4.0,20.6,,16.0,,1026.0,250.0,5.1
180,1,2016-07-09 01:00:00,17.0567,2,Education,24586,,,41.1,2.0,7.2,0.0,1006.5,280.0,5.1
1118,0,2016-12-20 23:00:00,20.167,13,Services,26926,,,-0.6,,-6.7,0.0,1017.5,260.0,3.1
1039,0,2016-03-11 00:00:00,19.625,12,Education,30171,,3.0,6.6,7.0,3.6,,1025.0,130.0,3.0
967,0,2016-10-30 00:00:00,88.0,9,Entertainment/public assembly,119262,,,25.6,0.0,15.0,0.0,1018.0,0.0,0.0
119,3,2016-02-23 09:00:00,300.0,1,Education,91149,2007.0,7.0,5.6,,1.8,,1016.5,290.0,3.1
434,0,2016-09-20 18:00:00,2.65,3,Education,39500,,,26.1,8.0,20.6,0.0,1019.5,60.0,4.1
520,0,2016-08-06 12:00:00,90.52,3,Office,27600,,,25.0,6.0,22.8,0.0,1010.5,230.0,2.1
835,0,2016-07-21 22:00:00,57.625,8,Entertainment/public assembly,17220,,1.0,28.3,,22.8,0.0,1018.0,0.0,0.0
166,0,2016-01-04 04:00:00,291.33,2,Lodging/residential,553210,2009.0,,17.2,,-2.2,0.0,1011.5,80.0,2.6
727,0,2016-10-04 14:00:00,160.6,5,Education,139113,1976.0,3.0,16.0,,13.0,,,90.0,7.2
234,3,2016-12-08 22:00:00,17.5843,2,Education,179167,1971.0,,19.4,0.0,5.0,0.0,1020.5,,2.6
1303,2,2016-01-25 20:00:00,0.0,14,Healthcare,200000,,,2.2,0.0,-8.3,0.0,1025.0,170.0,2.6
304,0,2016-05-26 02:00:00,0.11,3,Entertainment/public assembly,194300,1900.0,,20.6,4.0,16.1,0.0,1020.0,190.0,3.1
1405,2,2016-05-03 08:00:00,211.407,15,Lodging/residential,142901,2007.0,,6.1,,5.0,,1014.0,0.0,0.0
207,0,2016-02-12 07:00:00,109.8,2,Public services,99700,,,17.2,0.0,1.7,0.0,1018.5,100.0,2.6
375,0,2016-08-07 19:00:00,2158.78,3,Office,850354,1989.0,,32.8,,13.3,0.0,1014.0,340.0,5.7
1352,1,2016-01-23 21:00:00,12.1647,15,Office,42755,,,-6.1,0.0,-10.6,,1013.5,320.0,4.6
959,1,2016-08-29 08:00:00,725.561,9,Education,128536,,,23.3,0.0,22.2,0.0,1014.0,30.0,1.5
1433,0,2016-08-22 08:00:00,35.85,15,Education,28084,1913.0,,17.2,,15.6,,1014.0,310.0,3.6
1249,2,2016-12-01 22:00:00,1139.54,14,Office,159384,,,9.4,,0.0,0.0,1007.5,290.0,5.7
436,0,2016-11-15 13:00:00,16.81,3,Lodging/residential,15574,,,10.6,,6.1,0.0,1014.0,350.0,4.1
1292,0,2016-05-09 23:00:00,82.619,14,Office,58196,,,18.9,,4.4,0.0,1015.5,250.0,4.1
1395,0,2016-07-31 16:00:00,45.6,15,Lodging/residential,98624,,,22.8,,19.4,-1.0,1017.0,130.0,2.1
396,0,2016-08-07 11:00:00,22.31,3,Public services,16768,1980.0,,22.2,2.0,15.6,0.0,1013.0,360.0,3.6
1336,0,2016-10-08 03:00:00,42.3,15,Office,31053,1915.0,,17.8,,11.1,-1.0,1020.0,170.0,4.1
412,0,2016-04-25 14:00:00,134.82,3,Education,110000,,,15.6,,10.0,0.0,1016.5,160.0,4.1
69,0,2016-12-13 00:00:00,157.535,0,Parking,387638,2000.0,,24.4,4.0,17.8,0.0,1018.5,230.0,1.5
1379,1,2016-06-15 04:00:00,10.5926,15,Office,49553,1963.0,,7.2,0.0,6.7,,1017.5,80.0,1.5
1219,1,2016-02-03 01:00:00,0.0,13,Office,91316,,,-2.8,,-4.4,-1.0,1009.0,20.0,10.8
921,1,2016-03-03 08:00:00,865.708,9,Entertainment/public assembly,262162,,,18.9,,16.7,0.0,1011.5,200.0,4.6
589,0,2016-06-13 12:00:00,159.96,4,Education,305268,1952.0,8.0,15.0,,10.6,0.0,1018.0,280.0,4.6
648,0,2016-12-31 03:00:00,955.0,4,Education,154706,2009.0,11.0,11.1,,8.3,0.0,1014.5,260.0,6.2
748,0,2016-05-13 21:00:00,44.1833,6,Office,32766,,,26.1,0.0,9.4,0.0,1009.5,310.0,3.1
660,0,2016-09-03 12:00:00,1.628,5,Entertainment/public assembly,5447,1976.0,1.0,17.0,,15.0,,,210.0,7.7
916,2,2016-06-18 04:00:00,0.0,9,Education,51778,,,29.4,0.0,22.2,0.0,1012.5,,2.6
1363,0,2016-09-01 21:00:00,246.1,15,Office,157933,1932.0,,21.1,,11.7,,1015.5,350.0,5.1
9,1,2016-03-20 08:00:00,84.4207,0,Office,27000,2010.0,,19.4,,18.3,0.0,1011.0,260.0,2.6
906,2,2016-04-11 12:00:00,85.4,9,Lodging/residential,39649,,,21.7,,19.4,-1.0,1011.5,180.0,3.6
405,0,2016-03-27 04:00:00,31.25,3,Education,82200,1916.0,,12.2,,6.7,0.0,1027.0,130.0,4.6
1263,0,2016-04-13 10:00:00,490.0,14,Education,97838,,,2.2,0.0,-4.4,0.0,1028.0,10.0,2.6
800,1,2016-03-11 15:00:00,0.0,7,Education,64583,1955.0,2.0,0.9,,-4.2,,1025.0,310.0,5.1
1086,2,2016-11-27 11:00:00,6070.31,13,Office,143973,,,-0.6,,-1.7,0.0,,160.0,1.5
356,0,2016-08-31 23:00:00,1.12,3,Public services,4336,,,30.6,,21.1,0.0,1011.0,180.0,4.1
776,2,2016-09-06 06:00:00,0.0,6,Office,104667,,,18.9,0.0,16.1,0.0,1019.5,0.0,0.0
1006,0,2016-08-28 18:00:00,27.0,10,Office,26948,,1.0,27.2,0.0,5.0,0.0,1016.5,220.0,2.6
1097,2,2016-07-27 04:00:00,93.75,13,Office,157545,,,27.8,,20.6,0.0,1014.5,230.0,3.6
267,1,2016-08-16 06:00:00,362.798,2,Entertainment/public assembly,72193,2013.0,,36.7,2.0,12.2,0.0,1006.5,160.0,1.5
1210,0,2016-07-11 02:00:00,131.535,13,Office,92500,,,25.6,,18.9,0.0,1008.5,160.0,4.1
331,0,2016-10-07 01:00:00,7.07,3,Education,288800,1923.0,,18.9,,15.6,0.0,1026.0,350.0,2.6
116,0,2016-04-12 17:00:00,172.1,1,Education,37265,,5.0,14.9,,4.2,,1005.5,180.0,4.1
908,1,2016-03-11 23:00:00,110.324,9,Education,91254,,,18.9,,16.7,3.0,1012.5,10.0,1.5
171,0,2016-07-02 13:00:00,78.56,2,Office,131797,1968.0,,27.8,,17.8,0.0,1012.0,90.0,4.1
640,0,2016-07-25 14:00:00,367.25,4,Entertainment/public assembly,36180,1966.0,9.0,15.0,,13.3,0.0,1014.0,180.0,2.1
264,3,2016-04-06 22:00:00,0.0,2,Office,83660,1973.0,,35.0,,-11.7,0.0,1012.5,30.0,2.1
531,0,2016-05-05 22:00:00,7.26,3,Public services,68203,,,13.3,,9.4,-1.0,1003.5,50.0,5.1
1107,2,2016-10-09 18:00:00,187.5,13,Education,184098,,,12.8,0.0,2.8,0.0,1029.0,170.0,4.6
1028,1,2016-02-13 06:00:00,0.0,11,Education,81390,,,-17.2,,-21.6,,1014.0,320.0,6.2
1238,0,2016-05-07 14:00:00,84.1,14,Office,129707,,,10.6,,9.4,0.0,1008.0,100.0,3.1
1073,0,2016-11-06 02:00:00,853.0,13,Office,194111,,,14.4,0.0,6.7,0.0,1023.0,160.0,2.6
1097,1,2016-04-07 08:00:00,0.3332,13,Office,157545,,,1.1,,-2.2,0.0,1008.5,340.0,2.1
1000,3,2016-11-22 22:00:00,300.035,10,Education,121146,,2.0,6.7,,-1.7,0.0,1022.0,310.0,3.1
663,0,2016-06-07 16:00:00,22.2,5,Entertainment/public assembly,57189,1976.0,2.0,19.0,,14.0,,,290.0,6.2
1243,0,2016-12-05 16:00:00,290.015,14,Healthcare,237704,,,6.7,,4.4,0.0,1015.5,290.0,3.1
209,1,2016-03-21 19:00:00,2032.25,2,Education,193294,2006.0,,28.9,,0.0,0.0,1014.5,110.0,2.6
936,0,2016-10-14 22:00:00,5.0,9,Lodging/residential,11350,,,30.0,0.0,18.9,0.0,1016.0,,2.1
248,0,2016-06-06 14:00:00,90.31,2,Education,24643,1982.0,,30.0,,1.1,0.0,1003.0,100.0,4.1
824,0,2016-01-26 09:00:00,25.7917,8,Public services,7820,,1.0,10.6,,9.4,0.0,1023.5,20.0,1.5
97,1,2016-06-24 19:00:00,3376.83,0,Lodging/residential,187647,2007.0,,35.6,4.0,20.0,0.0,1018.0,,2.6
441,0,2016-10-17 14:00:00,26.71,3,Public services,3267,,,17.8,2.0,17.2,0.0,1017.0,170.0,3.1
562,0,2016-12-01 03:00:00,263.8,3,Education,235000,2013.0,,15.6,8.0,15.0,38.0,1001.5,130.0,2.6
1159,2,2016-03-19 17:00:00,28312.5,13,Office,671507,,,0.6,,-3.9,0.0,1026.0,10.0,3.1
961,1,2016-04-15 10:00:00,196.135,9,Education,155882,,,13.3,,12.2,0.0,1012.0,0.0,0.0
1206,2,2016-06-16 02:00:00,1250.98,13,Office,99946,,,22.2,,16.1,0.0,1009.5,310.0,5.1
771,2,2016-08-14 09:00:00,0.0,6,Lodging/residential,82911,,,26.7,0.0,22.8,0.0,1015.0,0.0,0.0
1044,0,2016-12-06 19:00:00,95.4,12,Education,150673,,4.0,11.7,8.0,10.7,,1018.5,170.0,2.0
1347,2,2016-08-23 20:00:00,479.715,15,Education,322341,1995.0,,25.6,2.0,13.9,,1025.0,,3.1
988,0,2016-06-01 02:00:00,33.0,9,Office,24463,,,21.1,,20.6,0.0,1011.0,0.0,0.0
141,0,2016-07-05 03:00:00,45.5,1,Office,44789,1919.0,5.0,15.3,,14.2,,1014.0,220.0,5.7
638,0,2016-10-17 03:00:00,2.53,4,Education,7900,1923.0,4.0,18.3,,15.6,,1008.5,220.0,10.8
810,0,2016-07-18 20:00:00,2.75,8,Entertainment/public assembly,3729,,1.0,33.9,,22.8,0.0,1021.5,40.0,5.1
421,0,2016-10-03 00:00:00,8.46,3,Entertainment/public assembly,11274,,,21.1,4.0,16.7,0.0,1016.0,210.0,2.1
740,0,2016-12-11 20:00:00,0.0004,5,Education,37975,1976.0,1.0,5.0,,5.0,,,130.0,1.5
933,1,2016-08-24 16:00:00,50.1854,9,Office,8525,,,28.3,2.0,23.3,0.0,1019.5,,2.1
1265,1,2016-05-09 01:00:00,553.676,14,Food sales and service,35605,,,15.6,0.0,-1.7,0.0,1011.0,280.0,1.5
958,1,2016-05-01 08:00:00,585.977,9,Entertainment/public assembly,234819,,,20.6,0.0,17.2,0.0,1009.0,,2.6
1326,1,2016-07-11 14:00:00,15.0562,15,Office,46981,1962.0,,18.9,4.0,15.0,,1021.0,0.0,0.0
1203,2,2016-07-09 15:00:00,46.875,13,Lodging/residential,138602,,,22.2,0.0,14.4,0.0,1019.0,150.0,2.1
771,0,2016-03-18 17:00:00,59.5833,6,Lodging/residential,82911,,,17.2,0.0,-4.4,0.0,1014.5,330.0,3.1
1224,1,2016-08-29 17:00:00,532.946,14,Office,23481,,,31.1,2.0,20.0,0.0,1019.0,320.0,2.6
301,0,2016-09-05 18:00:00,36.13,3,Public services,51176,,,30.0,4.0,13.9,0.0,1022.0,10.0,4.1
1342,2,2016-11-11 11:00:00,85.5425,15,Education,116854,1978.0,,10.6,,6.1,,1005.0,300.0,9.3
1235,1,2016-05-09 17:00:00,2178.3,14,Public services,278369,,,21.1,2.0,2.8,0.0,1016.0,250.0,8.2
717,0,2016-09-10 03:00:00,4.1,5,Education,28826,1976.0,2.0,17.0,,16.0,,,270.0,2.6
306,0,2016-10-13 09:00:00,117.89,3,Education,51500,1931.0,,12.2,8.0,12.2,0.0,1020.0,240.0,2.1
1008,0,2016-03-30 16:00:00,125.0,10,Education,74420,,2.0,2.8,,1.7,0.0,1012.0,0.0,0.0
494,0,2016-05-26 11:00:00,118.4,3,Education,72800,1959.0,,17.8,,16.7,0.0,1020.5,0.0,0.0
1169,0,2016-04-14 08:00:00,0.0,13,Education,155439,,,10.6,0.0,0.0,0.0,1017.0,140.0,4.1
1154,2,2016-08-23 00:00:00,1390.62,13,Lodging/residential,262156,,,27.2,2.0,15.0,0.0,1011.5,190.0,6.7
1312,1,2016-02-20 01:00:00,120.812,14,Lodging/residential,75000,,,1.1,4.0,-3.9,0.0,1025.0,190.0,4.1
632,0,2016-01-02 13:00:00,47.25,4,Education,41297,1959.0,6.0,6.7,,-1.1,0.0,1019.5,90.0,3.6
1332,1,2016-01-08 21:00:00,31.7826,15,Education,47398,1912.0,,2.2,,-1.7,,1019.5,140.0,3.6
963,1,2016-02-11 08:00:00,93.5482,9,Lodging/residential,44784,,,12.2,0.0,1.7,0.0,1021.0,0.0,0.0
150,0,2016-07-26 14:00:00,559.6,1,Office,65657,1955.0,8.0,21.8,,10.7,,1021.0,220.0,4.6
1175,0,2016-02-03 02:00:00,54.733,13,Manufacturing/industrial,81372,,,-3.3,,-5.0,3.0,1009.0,10.0,9.3
383,0,2016-01-15 18:00:00,20.25,3,Warehouse/storage,27318,,,9.4,8.0,0.6,0.0,1009.0,190.0,3.6
1009,0,2016-06-28 02:00:00,17.0,10,Education,21892,,2.0,35.0,0.0,0.6,0.0,1012.5,60.0,3.1
1329,0,2016-11-05 18:00:00,159.125,15,Technology/science,60100,1912.0,,12.8,,6.7,,1022.5,290.0,5.1
1051,0,2016-08-09 10:00:00,81.27,12,Education,28406,,1.0,14.0,7.0,7.1,,1030.0,290.0,9.0
1038,0,2016-10-18 01:00:00,77.7175,12,Technology/science,9838,,,9.3,7.0,7.6,,1015.5,260.0,9.0
784,2,2016-03-16 19:00:00,3738.79,6,Education,190817,,,25.6,0.0,14.4,0.0,1005.0,200.0,4.6
198,1,2016-03-02 09:00:00,197.823,2,Office,163959,2004.0,,19.4,0.0,1.1,0.0,1014.0,110.0,3.6
445,0,2016-03-09 16:00:00,197.85,3,Education,40950,1910.0,,19.4,4.0,7.2,0.0,1021.5,170.0,3.1
971,0,2016-02-10 23:00:00,277.0,9,Lodging/residential,301307,,,22.8,0.0,2.2,0.0,1023.0,170.0,2.1
911,1,2016-09-06 02:00:00,711.564,9,Education,239638,,,27.8,0.0,25.0,0.0,1016.0,110.0,2.6
974,2,2016-05-08 01:00:00,76.25,9,Education,186572,,,25.0,0.0,15.6,0.0,1012.0,160.0,5.7
246,1,2016-03-07 02:00:00,434.19,2,Office,202435,1967.0,,23.3,4.0,1.7,0.0,1006.0,240.0,4.6
707,0,2016-10-14 15:00:00,19.3,5,Education,11270,1976.0,1.0,13.0,,10.0,,,90.0,4.1
919,0,2016-08-08 17:00:00,36.0,9,Education,31233,,,35.0,0.0,23.3,0.0,1012.5,,2.1
357,0,2016-08-28 10:00:00,4.44,3,Lodging/residential,2000,,,23.9,,21.7,0.0,1023.5,50.0,2.1
1108,2,2016-04-26 03:00:00,1046.25,13,Parking,679614,,,8.3,,6.1,0.0,1008.5,360.0,4.1
415,0,2016-01-27 02:00:00,18.44,3,Education,41329,,,6.7,,1.7,0.0,1016.0,180.0,3.6
1226,1,2016-01-07 20:00:00,96.5723,14,Education,27995,,,7.2,,-2.8,0.0,1023.5,0.0,0.0
1154,1,2016-08-13 15:00:00,297.881,13,Lodging/residential,262156,,,23.3,2.0,17.8,0.0,1012.5,300.0,3.1
1154,2,2016-04-17 00:00:00,11773.4,13,Lodging/residential,262156,,,25.6,6.0,3.3,0.0,1020.5,170.0,7.2
174,1,2016-08-09 22:00:00,373.736,2,Education,90900,,,32.8,4.0,20.0,0.0,1008.0,0.0,0.0
468,0,2016-10-22 16:00:00,45.47,3,Office,40000,,,13.9,,1.1,0.0,1007.5,290.0,10.8
853,0,2016-12-13 16:00:00,0.0,8,Entertainment/public assembly,26495,,1.0,25.6,4.0,18.9,0.0,1019.5,0.0,0.0
201,3,2016-09-11 08:00:00,26.3764,2,Education,219608,1992.0,,31.7,0.0,10.6,0.0,1012.0,90.0,3.6
924,2,2016-05-24 12:00:00,201.3,9,Entertainment/public assembly,252268,,,23.9,,22.2,0.0,1012.0,160.0,2.6
1139,2,2016-07-27 23:00:00,1218.75,13,Office,336650,,,24.4,,19.4,0.0,1013.0,330.0,2.1
546,0,2016-04-08 14:00:00,1149.84,3,Public services,400000,1971.0,,7.8,,-3.3,0.0,1007.5,290.0,7.2
1333,1,2016-05-05 06:00:00,29.8824,15,Office,31316,1913.0,,8.9,,7.2,,1007.0,70.0,1.5
189,1,2016-06-04 14:00:00,2.4266,2,Education,7481,1969.0,,30.0,2.0,0.6,0.0,1008.0,0.0,0.0
313,0,2016-06-19 01:00:00,33.12,3,Education,103800,,,24.4,,10.6,0.0,1025.0,200.0,4.1
1070,1,2016-10-29 09:00:00,49.3136,13,Lodging/residential,230747,,,11.1,,9.4,0.0,1012.0,300.0,2.6
30,1,2016-11-16 15:00:00,2617.04,0,Education,93897,1999.0,,20.6,0.0,10.6,0.0,1015.5,330.0,3.1
774,0,2016-12-18 03:00:00,58.5333,6,Lodging/residential,93500,,,10.0,4.0,7.2,0.0,1013.0,190.0,7.7
1397,1,2016-06-12 14:00:00,21.3767,15,Lodging/residential,19984,1914.0,,16.0,,7.0,,,320.0,10.3
338,0,2016-08-09 15:00:00,79.5,3,Entertainment/public assembly,23803,1969.0,,24.4,8.0,18.3,0.0,1023.0,190.0,1.5
60,1,2016-05-12 07:00:00,3250.2,0,Education,81576,1997.0,,21.1,4.0,19.4,0.0,1020.0,0.0,0.0
753,0,2016-06-20 03:00:00,27.2386,6,Education,39558,,,20.6,0.0,13.3,0.0,1026.0,0.0,0.0
81,0,2016-07-03 09:00:00,11.8765,0,Other,3025,1979.0,,23.9,4.0,22.8,0.0,1019.0,0.0,0.0
955,0,2016-06-03 07:00:00,945.0,9,Education,198488,,,19.4,0.0,17.8,0.0,1012.0,0.0,0.0
1163,0,2016-10-26 05:00:00,51.0,13,Parking,83919,,,6.7,,5.0,56.0,1022.5,90.0,6.2
1247,2,2016-04-12 02:00:00,1125.52,14,Food sales and service,69876,,,13.9,0.0,7.8,0.0,1015.5,180.0,4.1
325,0,2016-02-10 04:00:00,43.69,3,Education,59200,1959.0,,0.6,,-7.2,0.0,1005.5,310.0,5.7
1377,1,2016-06-17 20:00:00,301.3,15,Education,74599,1984.0,,26.7,2.0,7.2,,1016.0,320.0,3.1
884,0,2016-08-16 08:00:00,61.0,9,Education,38598,,,22.2,,21.1,-1.0,1015.5,350.0,1.5
693,0,2016-03-30 04:00:00,69.9,5,Office,57436,1976.0,3.0,6.0,,4.0,,,250.0,5.7
310,0,2016-12-17 01:00:00,51.71,3,Public services,22000,,,-2.2,,-12.8,0.0,1030.0,160.0,4.6
194,0,2016-12-15 22:00:00,92.24,2,Office,155682,,,23.3,,4.4,0.0,1012.5,,1.5
1225,0,2016-09-23 11:00:00,197.871,14,Office,122746,,,13.9,0.0,12.2,0.0,1017.0,0.0,0.0
1246,0,2016-05-08 03:00:00,43.0,14,Office,50327,,,10.0,0.0,8.3,0.0,1006.0,200.0,2.6
91,0,2016-11-09 14:00:00,535.127,0,Education,68094,2003.0,,22.2,,16.1,0.0,1018.5,90.0,1.5
288,0,2016-08-17 18:00:00,24.87,2,Entertainment/public assembly,10733,2005.0,,38.9,6.0,11.7,0.0,1009.5,160.0,3.6
1333,0,2016-01-02 16:00:00,23.1,15,Office,31316,1913.0,,-2.0,,-4.0,,,220.0,4.6
1185,2,2016-12-27 09:00:00,1519.53,13,Office,129532,,,-7.2,,-11.7,-1.0,1019.5,270.0,6.7
1220,1,2016-07-06 07:00:00,1342.13,13,Public services,381221,,,19.4,0.0,17.2,0.0,1008.0,0.0,0.0
711,0,2016-02-27 00:00:00,8.988,5,Education,15414,1976.0,1.0,4.0,0.0,0.0,,,80.0,6.7
1095,1,2016-09-17 09:00:00,0.0,13,Education,32256,,,16.7,,13.3,0.0,1009.5,250.0,3.1
94,0,2016-07-29 03:00:00,59.724,0,Education,29469,1968.0,,28.3,2.0,22.2,0.0,1017.5,150.0,3.1
57,0,2016-10-09 02:00:00,243.674,0,Lodging/residential,65359,2013.0,,25.6,4.0,21.7,0.0,1012.5,350.0,2.1
795,0,2016-06-27 16:00:00,2877.57,7,Education,387500,1960.0,6.0,23.8,,20.3,,1009.5,220.0,5.7
284,3,2016-10-12 11:00:00,5.8614,2,Entertainment/public assembly,230259,1975.0,,21.1,0.0,5.6,0.0,1011.5,110.0,2.6
1103,0,2016-08-07 04:00:00,27.637,13,Other,23903,,,21.7,2.0,13.9,0.0,1017.5,310.0,1.5
1179,1,2016-02-12 18:00:00,38.1514,13,Entertainment/public assembly,143228,,,-12.2,0.0,-20.6,0.0,1033.0,320.0,6.7
963,1,2016-01-11 18:00:00,151.541,9,Lodging/residential,44784,,,8.9,,-2.2,0.0,1025.0,,1.5
1323,3,2016-01-15 17:00:00,1188.68,14,Office,87200,,,7.2,0.0,-0.6,0.0,1010.5,0.0,0.0
1184,0,2016-07-14 02:00:00,77.108,13,Lodging/residential,74584,,,26.1,2.0,13.9,0.0,1007.0,270.0,5.1
393,0,2016-08-09 18:00:00,86.53,3,Education,59400,1900.0,,27.2,8.0,20.6,0.0,1022.5,190.0,2.6
51,0,2016-08-30 16:00:00,64.8432,0,Parking,387638,2014.0,,30.0,4.0,23.3,0.0,1013.5,90.0,3.6
1109,2,2016-11-19 17:00:00,2289.06,13,Office,102191,,,-2.2,,-7.2,0.0,1030.0,310.0,8.8
1058,0,2016-11-19 22:00:00,69.48,12,Education,84346,,,0.0,3.0,-1.0,,992.5,360.0,3.0
1104,0,2016-05-11 04:00:00,157.139,13,Public services,199722,,,10.6,,7.8,0.0,1017.5,100.0,4.6
345,0,2016-07-07 06:00:00,0.08,3,Lodging/residential,7250,,,26.7,0.0,24.4,0.0,1010.5,190.0,3.1
974,2,2016-09-30 17:00:00,70.15,9,Education,186572,,,24.4,0.0,11.1,0.0,1022.5,,1.5
281,0,2016-04-24 02:00:00,35.93,2,Food sales and service,28862,,,28.3,2.0,-5.6,0.0,1006.5,260.0,6.7
967,2,2016-03-12 13:00:00,143.35,9,Entertainment/public assembly,119262,,,13.9,,13.3,-1.0,1013.5,230.0,2.1
1393,0,2016-09-17 02:00:00,147.825,15,Entertainment/public assembly,151900,1990.0,,16.7,0.0,12.2,,1022.5,160.0,3.6
909,0,2016-07-24 11:00:00,120.0,9,Entertainment/public assembly,66121,,,26.1,,23.9,0.0,1012.5,,1.5
27,0,2016-09-12 22:00:00,337.185,0,Lodging/residential,59200,1999.0,,29.4,,21.7,0.0,1015.0,90.0,7.7
899,0,2016-11-08 19:00:00,210.0,9,Education,225014,,,20.0,,18.3,-1.0,1021.0,,2.1
41,0,2016-10-21 22:00:00,203.98,0,Office,93860,1968.0,,28.3,4.0,17.2,0.0,1008.0,270.0,5.1
1157,0,2016-01-13 07:00:00,135.892,13,Education,37107,,,-20.0,0.0,-22.8,0.0,1020.5,180.0,1.5
901,1,2016-10-12 18:00:00,139.83,9,Education,107730,,,30.0,0.0,21.1,0.0,1017.0,,1.5
1395,0,2016-10-12 05:00:00,67.8,15,Lodging/residential,98624,,,10.6,0.0,2.8,,1027.0,160.0,2.1
189,0,2016-06-20 04:00:00,5.54,2,Education,7481,1969.0,,42.8,4.0,4.4,0.0,1003.5,260.0,4.6
1165,0,2016-05-07 03:00:00,9.909,13,Office,28991,,,25.6,,9.4,0.0,1006.0,360.0,9.8
1127,0,2016-09-06 00:00:00,109.924,13,Office,87131,,,24.4,8.0,21.1,-1.0,1010.0,110.0,2.6
1304,0,2016-02-14 23:00:00,372.019,14,Office,91363,,,-10.0,0.0,-23.3,0.0,1033.0,300.0,1.5
164,0,2016-02-27 07:00:00,11.02,2,Warehouse/storage,12908,1979.0,,19.4,0.0,-1.7,0.0,1015.0,0.0,0.0
1246,1,2016-10-27 15:00:00,73.3388,14,Office,50327,,,6.1,,4.4,-1.0,1028.0,80.0,3.1
1148,1,2016-08-16 02:00:00,1900.24,13,Office,861524,,,23.9,,16.1,0.0,1016.0,140.0,2.1
497,0,2016-05-15 14:00:00,9.24,3,Public services,7732,,,11.7,,-2.2,0.0,1015.5,290.0,10.3
1107,0,2016-10-10 04:00:00,523.531,13,Education,184098,,,10.0,0.0,4.4,0.0,1023.0,140.0,4.6
1133,1,2016-04-25 19:00:00,2.9988,13,Office,82302,,,12.2,,10.0,0.0,1002.0,340.0,3.6
1343,0,2016-09-01 05:00:00,196.125,15,Office,110380,1985.0,,18.3,,17.2,-1.0,,60.0,1.5
1097,0,2016-05-30 19:00:00,163.531,13,Office,157545,,,27.2,4.0,9.4,0.0,1014.5,230.0,2.1
1286,0,2016-11-14 10:00:00,323.6,14,Healthcare,205472,,,2.2,0.0,-5.6,0.0,1017.5,0.0,0.0
762,2,2016-02-09 20:00:00,47.6049,6,Education,53651,,,5.6,,-6.7,0.0,1000.0,,1.5
913,0,2016-12-26 17:00:00,613.0,9,Entertainment/public assembly,503634,,,25.6,4.0,21.1,0.0,1020.5,180.0,3.1
1404,0,2016-08-20 22:00:00,269.45,15,Lodging/residential,169290,2006.0,,28.3,4.0,20.0,,1010.0,160.0,4.6
770,2,2016-03-30 17:00:00,355.844,6,Education,80325,,,15.0,0.0,-2.2,0.0,1026.0,170.0,4.6
1088,1,2016-01-07 10:00:00,57.5186,13,Education,287594,,,-0.6,,-2.2,-1.0,1016.5,130.0,3.1
482,0,2016-10-25 05:00:00,1010.78,3,Education,394000,2013.0,,10.6,2.0,1.1,0.0,1025.0,330.0,5.1
1129,1,2016-12-15 13:00:00,1.9992,13,Office,133100,,,-22.2,0.0,-25.6,0.0,1033.0,250.0,3.1
1298,2,2016-02-25 17:00:00,3640.61,14,Education,171084,,,8.3,,0.0,0.0,993.0,260.0,7.7
570,0,2016-03-08 10:00:00,243.648,4,Education,193202,1964.0,10.0,9.4,2.0,4.4,0.0,1016.0,360.0,1.5
1253,1,2016-01-26 15:00:00,501.755,14,Education,134748,,,1.7,,-1.7,0.0,1017.0,170.0,4.1
1229,1,2016-04-17 22:00:00,440.367,14,Office,27646,,,21.7,0.0,0.6,0.0,1025.0,180.0,2.1
209,0,2016-02-15 15:00:00,1003.67,2,Education,193294,2006.0,,13.3,,1.7,0.0,1015.5,0.0,0.0
247,3,2016-11-02 01:00:00,46.8914,2,Education,64560,1965.0,,25.0,2.0,3.9,0.0,1009.0,320.0,3.6
1232,3,2016-02-04 16:00:00,471.71,14,Education,181328,,,10.0,,2.8,0.0,1016.5,310.0,3.6
1300,0,2016-12-15 16:00:00,75.7113,14,Healthcare,25609,,,-5.0,,-18.3,0.0,1014.5,300.0,8.8
1293,1,2016-06-13 02:00:00,228.703,14,Office,51471,,,20.0,4.0,6.7,0.0,1008.0,350.0,6.2
1287,1,2016-09-23 23:00:00,863.076,14,Education,60582,,,28.9,0.0,13.9,0.0,1013.0,0.0,0.0
910,2,2016-07-15 16:00:00,33.55,9,Office,60096,,,31.1,2.0,22.2,0.0,1016.0,,2.6
1027,0,2016-04-05 18:00:00,41.5,10,Lodging/residential,35465,,2.0,10.6,0.0,-5.0,0.0,1027.0,330.0,7.2
133,0,2016-10-02 09:00:00,47.8,1,Lodging/residential,64723,1960.0,8.0,11.4,,8.7,,1016.0,310.0,4.1
1254,1,2016-09-12 20:00:00,510.387,14,Education,24979,,,26.7,0.0,6.1,0.0,1022.0,,
1344,0,2016-09-29 06:00:00,283.4,15,Education,125507,1974.0,,13.3,,9.4,,1024.0,100.0,4.1
183,3,2016-09-12 03:00:00,0.0,2,Education,132518,1992.0,,36.1,2.0,8.9,0.0,1008.5,250.0,2.6
292,0,2016-10-25 07:00:00,77.43,3,Public services,33743,,,10.0,0.0,1.1,0.0,1026.0,340.0,5.1
117,0,2016-09-24 06:00:00,43.0,1,Education,15489,2004.0,4.0,14.4,0.0,12.6,,1019.5,160.0,4.1
867,0,2016-08-18 08:00:00,223.75,8,Public services,65913,,1.0,25.6,2.0,23.9,0.0,1019.5,60.0,2.1
124,0,2016-11-19 13:00:00,32.5,1,Education,38319,1900.0,6.0,7.5,,2.8,,1002.5,220.0,3.6
236,1,2016-06-06 13:00:00,352.177,2,Entertainment/public assembly,144086,1989.0,,27.8,,1.7,0.0,1002.5,80.0,4.6
1389,1,2016-12-03 19:00:00,14.3804,15,Entertainment/public assembly,17104,1953.0,,1.7,,0.6,5.0,1019.5,310.0,6.2
268,0,2016-03-23 04:00:00,55.18,2,Entertainment/public assembly,77844,,,21.7,,-6.1,0.0,1009.0,290.0,6.7
1081,0,2016-06-21 09:00:00,18.962,13,Manufacturing/industrial,11470,,,16.7,0.0,10.0,0.0,1018.0,240.0,1.5
1228,1,2016-04-27 07:00:00,52.8561,14,Office,162549,,,8.3,,6.7,0.0,1010.5,90.0,2.6
444,0,2016-09-27 05:00:00,6.79,3,Public services,12945,1960.0,,19.4,,18.9,0.0,1014.5,200.0,2.1
1034,0,2016-05-22 12:00:00,0.235,12,Retail,3907,,1.0,12.9,6.0,5.8,,1008.0,260.0,2.0
793,1,2016-11-26 15:00:00,0.0,7,Education,150695,1964.0,6.0,1.3,,0.2,,1020.5,270.0,3.1
1064,0,2016-05-25 07:00:00,297.548,12,Education,131212,,,8.8,6.0,4.4,,1022.5,50.0,7.0
65,0,2016-12-21 21:00:00,60.0653,0,Lodging/residential,53130,2001.0,,17.2,,13.9,0.0,1022.5,10.0,5.1
987,1,2016-09-20 21:00:00,1170.86,9,Education,166395,,,35.6,0.0,20.0,0.0,1014.5,,2.1
1110,0,2016-04-22 06:00:00,0.846,13,Office,27145,,,10.6,8.0,6.1,0.0,1017.0,360.0,6.2
1324,0,2016-02-13 09:00:00,14.0,14,Entertainment/public assembly,84688,,,-6.7,0.0,-10.0,0.0,1012.0,290.0,2.6
980,0,2016-11-05 19:00:00,14.0,9,Entertainment/public assembly,34819,,,21.1,,19.4,0.0,1022.0,70.0,1.5
6,0,2016-07-26 03:00:00,120.813,0,Lodging/residential,27926,1981.0,,26.7,2.0,21.7,0.0,1018.5,220.0,3.1
1360,0,2016-07-19 15:00:00,211.5,15,Entertainment/public assembly,111530,1988.0,,21.7,4.0,12.2,,1022.5,280.0,5.7
1163,0,2016-09-05 08:00:00,48.0,13,Parking,83919,,,20.6,,16.1,0.0,1009.0,160.0,7.2
1355,1,2016-10-20 11:00:00,1.1923,15,Education,50567,,,10.6,,8.9,3.0,1020.5,90.0,2.6
1407,0,2016-01-08 05:00:00,46.8,15,Lodging/residential,83141,2006.0,,,,,,,,
184,3,2016-02-12 02:00:00,11.7228,2,Education,34171,,,26.7,0.0,-3.3,0.0,1017.5,290.0,2.6
317,0,2016-03-06 21:00:00,31.52,3,Office,16098,,,10.0,6.0,-1.7,0.0,1025.0,340.0,3.6
92,0,2016-08-15 17:00:00,85.7296,0,Office,10779,1970.0,,33.3,4.0,23.3,0.0,1020.5,110.0,4.6
724,0,2016-03-11 15:00:00,100.4,5,Education,88856,1976.0,2.0,9.0,0.0,2.0,,,,1.5
1345,2,2016-08-20 18:00:00,426.308,15,Education,20889,1976.0,,30.0,,20.6,,1011.0,160.0,6.2
949,1,2016-10-24 15:00:00,257.117,9,Lodging/residential,86786,,,21.1,2.0,18.3,0.0,1024.0,0.0,0.0
1146,0,2016-08-30 14:00:00,87.026,13,Public services,83155,,,20.6,,18.3,0.0,1021.0,330.0,4.1
764,2,2016-11-17 06:00:00,2952.34,6,Education,58307,,,7.8,0.0,2.8,0.0,1016.0,0.0,0.0
960,0,2016-03-27 01:00:00,36.0,9,Education,56137,,,20.0,0.0,12.8,0.0,1012.0,140.0,2.1
1259,0,2016-12-04 22:00:00,142.0,14,Education,71088,,,6.7,0.0,-5.6,0.0,1021.5,0.0,0.0
214,1,2016-12-20 12:00:00,7.3502,2,Education,91273,1951.0,,15.6,6.0,-2.2,0.0,1023.5,70.0,3.6
1223,0,2016-08-28 04:00:00,74.7488,14,Office,52141,,,22.2,0.0,16.1,0.0,1023.0,0.0,0.0
893,2,2016-06-15 15:00:00,0.0,9,Education,47191,,,28.9,0.0,23.3,0.0,1013.5,200.0,3.1
410,0,2016-10-13 22:00:00,35.04,3,Education,64113,1924.0,,21.1,4.0,13.3,0.0,1020.0,340.0,5.1
1191,1,2016-04-18 15:00:00,15.9936,13,Education,192152,,,21.1,,9.4,0.0,1024.0,110.0,2.6
587,0,2016-01-17 14:00:00,71.5,4,Technology/science,53234,1942.0,5.0,13.9,,12.2,,1019.0,140.0,4.6
701,0,2016-08-11 02:00:00,25.9,5,Education,128682,1966.0,4.0,14.0,,12.0,,,280.0,4.1
1072,1,2016-06-22 10:00:00,1674.08,13,Healthcare,305000,,,20.0,,12.8,0.0,1008.0,110.0,5.7
600,0,2016-10-19 01:00:00,61.0,4,Education,44182,1917.0,5.0,20.0,2.0,12.8,,1020.0,300.0,4.6
492,0,2016-05-06 18:00:00,186.07,3,Education,193800,,,11.1,8.0,8.3,23.0,1005.5,0.0,0.0
1157,2,2016-02-27 00:00:00,1167.97,13,Education,37107,,,5.0,2.0,-3.3,0.0,1016.5,210.0,4.1
387,0,2016-03-10 06:00:00,292.96,3,Education,104200,2009.0,,16.1,6.0,9.4,0.0,1018.5,170.0,5.7
1079,0,2016-09-28 12:00:00,31.428,13,Education,14185,,,10.6,8.0,8.3,0.0,1018.0,360.0,3.6
1073,0,2016-03-28 07:00:00,104.0,13,Office,194111,,,0.0,0.0,-2.8,0.0,1018.0,0.0,0.0
1305,2,2016-11-19 06:00:00,3985.66,14,Lodging/residential,37803,,,7.8,0.0,2.8,0.0,1016.0,330.0,1.5
1240,1,2016-12-14 19:00:00,584.87,14,Public services,73277,,,5.0,0.0,-7.8,0.0,1015.5,300.0,4.1
1248,1,2016-06-11 19:00:00,1237.58,14,Office,78002,,,31.1,2.0,19.4,0.0,1008.5,250.0,5.1
1393,0,2016-05-02 03:00:00,40.95,15,Entertainment/public assembly,151900,1990.0,,8.9,,7.2,,1016.5,160.0,4.1
1362,0,2016-12-01 01:00:00,114.775,15,Education,113988,1923.0,,11.1,,8.9,,1001.0,140.0,10.3
370,0,2016-05-23 12:00:00,24.63,3,Entertainment/public assembly,15960,2005.0,,15.6,8.0,13.3,0.0,1014.5,,1.5
1227,3,2016-03-22 11:00:00,651.061,14,Education,76903,,,-1.1,0.0,-9.4,0.0,1021.0,230.0,2.1
990,0,2016-08-18 14:00:00,133.0,9,Office,82939,,,24.4,,23.3,0.0,1018.0,100.0,1.5
296,0,2016-05-02 06:00:00,33.89,3,Public services,22000,,,13.3,8.0,12.2,20.0,1016.0,120.0,2.6
682,0,2016-03-08 21:00:00,42.3,5,Entertainment/public assembly,64153,,5.0,7.0,,6.0,,,230.0,3.1
788,0,2016-09-29 09:00:00,327.0,6,Public services,401753,,,20.0,,18.3,0.0,1015.5,50.0,2.6
165,0,2016-08-23 01:00:00,12.39,2,Warehouse/storage,3877,1975.0,,32.8,4.0,15.0,0.0,1007.5,340.0,5.7
265,0,2016-01-08 12:00:00,185.23,2,Office,118966,1988.0,,7.8,6.0,6.1,0.0,1010.0,90.0,1.5
436,0,2016-11-15 16:00:00,17.06,3,Lodging/residential,15574,,,15.0,,3.3,0.0,1013.0,350.0,4.6
1195,0,2016-11-18 23:00:00,6.137,13,Office,16472,,,0.6,,-1.1,3.0,1007.0,320.0,9.3
999,0,2016-03-07 09:00:00,177.75,10,Education,113580,,2.0,1.1,,1.1,5.0,1006.0,210.0,3.1
1353,0,2016-10-05 08:00:00,10.225,15,Religious worship,22201,,,8.9,0.0,8.3,,1027.0,70.0,1.5
762,2,2016-02-04 23:00:00,24.6625,6,Education,53651,,,8.3,,0.0,0.0,1018.0,60.0,3.6
573,0,2016-06-04 05:00:00,9.4788,4,Education,23815,1914.0,4.0,17.8,4.0,12.2,0.0,1013.0,300.0,3.6
1276,1,2016-05-28 18:00:00,133.532,14,Office,53860,,,31.7,0.0,19.4,0.0,1019.0,230.0,5.7
978,1,2016-01-22 11:00:00,32.7419,9,Education,258491,,,3.9,0.0,-1.7,0.0,1024.0,320.0,3.1
889,0,2016-07-09 22:00:00,83.0,9,Education,126077,,,36.7,2.0,20.6,0.0,1013.0,150.0,4.6
971,0,2016-05-02 05:00:00,218.0,9,Lodging/residential,301307,,,20.0,,12.8,0.0,1015.0,10.0,3.1
493,0,2016-03-04 09:00:00,497.43,3,Education,283000,2014.0,,0.6,8.0,-0.6,5.0,1017.5,50.0,3.6
1241,3,2016-03-19 04:00:00,1223.09,14,Healthcare,194188,,,6.7,0.0,-2.8,0.0,1014.5,350.0,4.6
889,1,2016-03-25 09:00:00,150.767,9,Education,126077,,,7.8,0.0,5.0,0.0,1016.0,0.0,0.0
1391,2,2016-07-03 05:00:00,731.33,15,Entertainment/public assembly,68693,1956.0,,12.2,0.0,9.4,,1019.5,0.0,0.0
1268,0,2016-07-08 13:00:00,49.8446,14,Office,43007,,,28.3,2.0,21.1,0.0,1008.0,10.0,2.1
1417,0,2016-06-04 16:00:00,25.625,15,Lodging/residential,40451,1975.0,,24.4,0.0,13.9,,1016.5,180.0,2.1
1110,0,2016-05-11 00:00:00,0.972,13,Office,27145,,,12.8,8.0,9.4,0.0,1016.0,90.0,6.7
1080,0,2016-07-08 17:00:00,596.52,13,Education,207115,,,21.1,,14.4,0.0,1011.0,310.0,8.8
1084,0,2016-04-09 17:00:00,312.2,13,Office,122922,,,-0.6,,-13.9,0.0,1024.0,160.0,4.6
1367,0,2016-06-10 04:00:00,111.875,15,Education,33695,1948.0,,9.4,2.0,1.7,,1015.5,320.0,2.6
1438,2,2016-04-26 23:00:00,962.92,15,Education,108971,1990.0,,2.2,,1.1,,1012.5,300.0,5.7
185,0,2016-03-04 09:00:00,123.44,2,Education,84300,,,18.9,,-2.8,0.0,1012.5,100.0,2.6
1381,2,2016-05-15 09:00:00,1039.72,15,Office,84615,1963.0,,3.9,,-1.7,,1008.0,300.0,9.3
1293,3,2016-03-03 06:00:00,821.003,14,Office,51471,,,-2.2,0.0,-12.8,0.0,1020.5,310.0,3.6
966,1,2016-10-07 00:00:00,1617.12,9,Education,393530,,,30.6,4.0,21.7,0.0,1011.0,100.0,5.7
169,0,2016-09-13 21:00:00,494.99,2,Education,179559,2006.0,,35.0,,11.7,0.0,1007.5,200.0,7.2
821,0,2016-05-22 02:00:00,1.1667,8,Other,2555,,1.0,25.6,0.0,17.8,0.0,1014.5,270.0,2.6
477,0,2016-02-26 00:00:00,27.92,3,Public services,21600,,,7.2,8.0,-4.4,0.0,1004.0,260.0,6.2
248,3,2016-01-30 04:00:00,67.4063,2,Education,24643,1982.0,,15.6,0.0,-0.6,0.0,1014.0,0.0,0.0
448,0,2016-07-30 07:00:00,791.88,3,Office,328760,1904.0,,26.1,,23.3,0.0,1013.5,190.0,2.1
1297,1,2016-11-28 08:00:00,261.589,14,Office,21469,,,0.0,0.0,-3.9,0.0,1021.0,0.0,0.0
913,0,2016-06-03 01:00:00,680.0,9,Entertainment/public assembly,503634,,,25.6,0.0,17.2,0.0,1010.5,340.0,1.5
1255,0,2016-09-16 03:00:00,33.256,14,Office,23702,,,15.6,0.0,10.0,0.0,1025.0,10.0,1.5
769,1,2016-07-10 10:00:00,231.766,6,Education,77263,,,20.0,0.0,15.6,0.0,1013.0,0.0,0.0
1226,1,2016-07-05 12:00:00,451.29,14,Education,27995,,,23.3,,21.7,3.0,1007.5,0.0,0.0
699,0,2016-03-04 01:00:00,28.6,5,Education,93764,1945.0,3.0,4.0,,2.0,,,290.0,4.1
833,0,2016-08-10 12:00:00,16.6667,8,Public services,6392,,1.0,24.4,4.0,22.8,0.0,1019.0,90.0,1.5
608,0,2016-06-22 07:00:00,62.0,4,Entertainment/public assembly,124197,1927.0,3.0,15.0,0.0,10.0,0.0,1015.5,270.0,5.7
72,0,2016-06-16 23:00:00,227.975,0,Parking,387638,2002.0,,25.0,,22.2,-1.0,1014.5,240.0,2.1
832,0,2016-09-20 19:00:00,74.2083,8,Public services,26507,,1.0,30.6,,22.2,0.0,1014.5,240.0,6.2
634,0,2016-06-01 07:00:00,0.37,4,Education,4000,1910.0,4.0,14.4,0.0,11.7,0.0,1010.5,300.0,4.6
303,0,2016-07-30 10:00:00,47.52,3,Entertainment/public assembly,15950,,,25.6,,23.3,0.0,1014.0,130.0,2.1
283,0,2016-06-03 12:00:00,134.22,2,Entertainment/public assembly,51920,,,26.7,2.0,3.3,0.0,1009.5,0.0,0.0
549,0,2016-02-01 04:00:00,16.15,3,Public services,12754,1968.0,,10.6,,2.8,0.0,1010.0,190.0,6.2
1424,0,2016-01-19 01:00:00,16.8,15,Lodging/residential,24103,1964.0,,-9.4,,-15.0,,1015.0,270.0,5.7
762,0,2016-11-27 19:00:00,110.6,6,Education,53651,,,11.7,0.0,-3.3,0.0,1022.0,,2.1
1224,1,2016-05-20 15:00:00,368.451,14,Office,23481,,,20.0,0.0,4.4,0.0,1024.0,0.0,0.0
1271,1,2016-09-24 22:00:00,387.605,14,Public services,20540,,,21.7,0.0,7.8,0.0,1018.0,20.0,3.1
395,0,2016-03-06 06:00:00,19.55,3,Public services,8925,1912.0,,2.8,8.0,-2.2,0.0,1023.0,130.0,2.1
1308,2,2016-07-01 13:00:00,143.16,14,Lodging/residential,62279,,,22.8,,19.4,0.0,1015.0,,2.6
951,0,2016-12-20 03:00:00,113.0,9,Office,103924,,,2.8,0.0,-9.4,0.0,1038.0,360.0,1.5
951,0,2016-02-12 14:00:00,157.0,9,Office,103924,,,9.4,0.0,7.8,0.0,1023.0,0.0,0.0
1022,0,2016-11-18 16:00:00,114.0,10,Education,84346,,2.0,-1.7,0.0,-8.3,0.0,1031.0,170.0,2.6
649,0,2016-06-07 10:00:00,443.75,4,Education,116121,1996.0,10.0,15.0,,11.7,0.0,1011.5,280.0,5.1
209,3,2016-06-14 23:00:00,172.912,2,Education,193294,2006.0,,36.7,0.0,-4.4,0.0,1005.5,0.0,0.0
174,0,2016-07-13 17:00:00,150.09,2,Education,90900,,,35.6,0.0,7.8,0.0,1012.5,110.0,2.1
284,1,2016-03-09 10:00:00,175.069,2,Entertainment/public assembly,230259,1975.0,,13.3,2.0,-0.6,0.0,1009.5,0.0,0.0
685,0,2016-11-07 04:00:00,234.2,5,Office,270034,1976.0,5.0,3.0,0.0,1.0,,,320.0,3.1
1402,0,2016-07-02 23:00:00,121.0,15,Lodging/residential,133594,1961.0,,21.1,,8.9,,1017.5,300.0,3.6
1288,2,2016-02-18 14:00:00,4130.68,14,Education,164206,,,-1.7,0.0,-11.1,0.0,1030.0,360.0,6.2
567,0,2016-10-10 07:00:00,128.906,4,Entertainment/public assembly,82670,2016.0,4.0,14.4,0.0,11.7,0.0,1014.5,310.0,1.5
40,0,2016-07-14 23:00:00,247.087,0,Entertainment/public assembly,26944,2001.0,,26.1,,21.7,-1.0,1018.0,130.0,4.1
613,0,2016-07-27 11:00:00,1.259,4,Entertainment/public assembly,1305,1995.0,1.0,15.0,2.0,12.8,0.0,1011.5,340.0,1.5
1260,3,2016-04-25 15:00:00,241.0,14,Office,86455,,,17.2,0.0,8.3,0.0,1015.0,,2.1
177,1,2016-03-26 19:00:00,281.559,2,Entertainment/public assembly,167066,1989.0,,25.0,0.0,-7.8,0.0,1008.5,,1.5
679,0,2016-06-20 00:00:00,24.4,5,Public services,43400,1976.0,3.0,15.0,,15.0,,,250.0,4.6
704,0,2016-05-15 01:00:00,3.3,5,Education,17050,1966.0,1.0,8.0,,6.0,,,280.0,2.1
1384,0,2016-07-13 20:00:00,1.2,15,Education,56969,1967.0,,31.1,4.0,20.6,,1013.0,200.0,5.1
910,2,2016-12-10 02:00:00,57.95,9,Office,60096,,,6.1,,-5.0,0.0,1034.0,0.0,0.0
978,0,2016-04-25 10:00:00,270.0,9,Education,258491,,,21.7,,20.0,0.0,,,1.5
709,0,2016-04-23 11:00:00,4.0,5,Education,23067,1976.0,2.0,10.0,,1.0,,,20.0,2.6
991,2,2016-12-19 10:00:00,244.0,9,Education,57811,,,-4.4,0.0,-12.2,0.0,1039.0,360.0,2.1
951,0,2016-11-14 09:00:00,156.0,9,Office,103924,,,14.4,0.0,13.3,0.0,1019.5,0.0,0.0
1297,3,2016-05-29 00:00:00,0.3474,14,Office,21469,,,28.3,0.0,18.9,0.0,1018.5,210.0,3.6
1423,0,2016-07-14 03:00:00,10.575,15,Lodging/residential,18277,1965.0,,23.9,2.0,20.6,,1013.0,170.0,5.1
218,0,2016-07-12 04:00:00,59.94,2,Public services,16411,,,38.3,0.0,-5.0,0.0,1003.5,290.0,5.7
614,0,2016-05-22 00:00:00,103.0,4,Lodging/residential,185200,1930.0,8.0,17.8,,7.8,0.0,1017.5,260.0,7.7
1177,1,2016-06-01 18:00:00,7.0597,13,Office,20444,,,16.7,8.0,7.8,0.0,1012.5,260.0,8.2
1224,1,2016-05-20 22:00:00,346.393,14,Office,23481,,,23.3,0.0,2.8,0.0,1021.5,0.0,0.0
1358,0,2016-05-22 06:00:00,20.35,15,Lodging/residential,61439,1903.0,,9.4,,8.9,,1012.5,0.0,0.0
368,0,2016-11-27 02:00:00,41.42,3,Retail,16500,,,6.7,0.0,-1.1,0.0,1023.0,300.0,4.6
686,0,2016-12-27 12:00:00,2.1,5,Office,12206,1976.0,2.0,5.0,,5.0,,,120.0,3.1
1271,1,2016-04-05 04:00:00,21.9849,14,Public services,20540,,,0.6,,-3.3,0.0,1017.0,10.0,6.2
1255,0,2016-05-11 10:00:00,30.1219,14,Office,23702,,,8.9,,6.7,0.0,1021.5,0.0,0.0
1220,2,2016-10-18 03:00:00,398.438,13,Public services,381221,,,13.9,,11.1,-1.0,997.0,350.0,3.6
203,1,2016-08-17 09:00:00,1518.01,2,Lodging/residential,63348,2007.0,,33.9,,13.3,10.0,1008.0,0.0,0.0
530,0,2016-06-29 12:00:00,95.69,3,Public services,144000,,,22.2,2.0,17.8,0.0,1014.0,340.0,4.6
1098,1,2016-01-06 17:00:00,0.0,13,Office,131745,,,-1.7,,-5.0,0.0,1019.5,150.0,3.1
192,0,2016-06-26 00:00:00,657.44,2,Education,151637,1983.0,,41.1,2.0,7.2,0.0,1004.0,,1.5
1359,1,2016-07-11 15:00:00,144.017,15,Education,124289,1904.0,,21.1,4.0,14.4,,1020.5,0.0,0.0
572,0,2016-07-27 01:00:00,373.573,4,Education,94175,1964.0,9.0,25.0,2.0,12.2,0.0,1010.0,310.0,7.2
438,0,2016-12-29 22:00:00,95.24,3,Public services,36562,,,9.4,4.0,-3.3,0.0,1005.5,270.0,5.7
859,0,2016-11-05 16:00:00,14.0,8,Public services,4000,,1.0,26.7,4.0,15.0,0.0,1021.0,40.0,7.2
224,3,2016-05-13 11:00:00,0.0,2,Education,272278,1955.0,,25.6,0.0,0.0,0.0,1011.0,20.0,2.6
483,0,2016-04-19 22:00:00,311.72,3,Education,207000,1935.0,,24.4,,8.9,0.0,1017.0,20.0,7.2
969,0,2016-08-02 19:00:00,180.0,9,Education,193723,,,35.0,0.0,21.7,0.0,1017.0,,3.1
1133,0,2016-03-19 14:00:00,125.97,13,Office,82302,,,-1.7,,-4.4,-1.0,1024.0,20.0,5.1
843,0,2016-08-01 03:00:00,6.25,8,Entertainment/public assembly,5380,,1.0,26.1,2.0,20.6,0.0,1020.5,200.0,2.6
789,2,2016-12-26 17:00:00,571.54,7,Education,64583,1923.0,1.0,-10.0,,-13.5,,1026.0,70.0,4.6
